pop	fsc_small	fsc_perp	fsc_big	pe	chl_small	chl_big	point_order	gating_id
beads				3280.373595191209	74.96915547010948		1	056addde-91ce-4a0c-87d0-98365178d44b
beads				1858.2892401590982	44.986002660346905		2	056addde-91ce-4a0c-87d0-98365178d44b
beads				1127.052286050626	37.63743169376102		3	056addde-91ce-4a0c-87d0-98365178d44b
beads				905.5535168216968	40.13099502250709		4	056addde-91ce-4a0c-87d0-98365178d44b
beads				824.5289819216601	57.33363717910393		5	056addde-91ce-4a0c-87d0-98365178d44b
beads				1041.3429097548933	82.28320222314272		6	056addde-91ce-4a0c-87d0-98365178d44b
beads				1412.6520894697614	106.33528230291118		7	056addde-91ce-4a0c-87d0-98365178d44b
beads				1861.5036718755464	132.07611628542912		8	056addde-91ce-4a0c-87d0-98365178d44b
beads				2390.359591660902	161.35201982870507		9	056addde-91ce-4a0c-87d0-98365178d44b
beads				2829.511739366112	189.78234373038586		10	056addde-91ce-4a0c-87d0-98365178d44b
beads				3611.162241438123	237.63228116139214		11	056addde-91ce-4a0c-87d0-98365178d44b
croco				1647.1677947495293	1633.9757511186208		1	056addde-91ce-4a0c-87d0-98365178d44b
croco				1247.2962454688993	947.6847285419752		2	056addde-91ce-4a0c-87d0-98365178d44b
croco				624.9960354640501	502.5886762784146		3	056addde-91ce-4a0c-87d0-98365178d44b
croco				415.39459444887336	435.2731786543559		4	056addde-91ce-4a0c-87d0-98365178d44b
croco				330.0839134944859	468.0211828786914		5	056addde-91ce-4a0c-87d0-98365178d44b
croco				314.22604803290307	924.2172603725827		6	056addde-91ce-4a0c-87d0-98365178d44b
croco				397.5184682303246	1729.998601724638		7	056addde-91ce-4a0c-87d0-98365178d44b
croco				642.1181384154764	2620.1353652473513		8	056addde-91ce-4a0c-87d0-98365178d44b
croco				1221.9136125689902	2919.983614384867		9	056addde-91ce-4a0c-87d0-98365178d44b
picoeuk	3633.416276849948				3734.049675113881		1	056addde-91ce-4a0c-87d0-98365178d44b
picoeuk	11.34449390143096				3633.815960458698		2	056addde-91ce-4a0c-87d0-98365178d44b
picoeuk	2.3542565277740817				1150.4362882633666		3	056addde-91ce-4a0c-87d0-98365178d44b
picoeuk	4.158669172780747				87.39057069491282		4	056addde-91ce-4a0c-87d0-98365178d44b
picoeuk	43.07745643296414				16.726292763536033		5	056addde-91ce-4a0c-87d0-98365178d44b
picoeuk	3547.119176000789				862.0065332220997		6	056addde-91ce-4a0c-87d0-98365178d44b
synecho	76.28126786747012			992.822778223318			1	056addde-91ce-4a0c-87d0-98365178d44b
synecho	16.40036552738599			800.8188466471728			2	056addde-91ce-4a0c-87d0-98365178d44b
synecho	6.438971453842208			500.19540638339015			3	056addde-91ce-4a0c-87d0-98365178d44b
synecho	3.6382118641773835			255.14055680061853			4	056addde-91ce-4a0c-87d0-98365178d44b
synecho	2.6796532540200872			98.15159070821946			5	056addde-91ce-4a0c-87d0-98365178d44b
synecho	2.4088360664319617			50.303426843573575			6	056addde-91ce-4a0c-87d0-98365178d44b
synecho	2.562167648836312			27.583171590458875			7	056addde-91ce-4a0c-87d0-98365178d44b
synecho	3.3807277702808296			15.076227490821699			8	056addde-91ce-4a0c-87d0-98365178d44b
synecho	4.504855770090217			10.570584050643955			9	056addde-91ce-4a0c-87d0-98365178d44b
synecho	8.046874758527984			7.422545167628004			10	056addde-91ce-4a0c-87d0-98365178d44b
synecho	18.7690938731609			6.9089322179911195			11	056addde-91ce-4a0c-87d0-98365178d44b
synecho	48.41880411716403			8.745800182737394			12	056addde-91ce-4a0c-87d0-98365178d44b
synecho	95.40412312645906			14.038715506431055			13	056addde-91ce-4a0c-87d0-98365178d44b
synecho	162.96209173605345			26.708407834038706			14	056addde-91ce-4a0c-87d0-98365178d44b
synecho	215.20009798073525			39.00579434337705			15	056addde-91ce-4a0c-87d0-98365178d44b
synecho	301.71986182734713			74.12238120350995			16	056addde-91ce-4a0c-87d0-98365178d44b
synecho	329.2535882011608			128.58628193996665			17	056addde-91ce-4a0c-87d0-98365178d44b
synecho	302.2110453297547			386.42664337376544			18	056addde-91ce-4a0c-87d0-98365178d44b
synecho	230.68946080032876			769.4537617824586			19	056addde-91ce-4a0c-87d0-98365178d44b
synecho	146.47755541843512			896.8193266681444			20	056addde-91ce-4a0c-87d0-98365178d44b
beads				3098.8328836013634	72.40979744310798		1	14085b99-38eb-4843-86be-cf40229c4b3b
beads				1686.4657790141478	41.91998900946427		2	14085b99-38eb-4843-86be-cf40229c4b3b
beads				1085.1507241470551	31.37848356177675		3	14085b99-38eb-4843-86be-cf40229c4b3b
beads				796.677460801067	30.264153897923983		4	14085b99-38eb-4843-86be-cf40229c4b3b
beads				672.687733965172	33.870341893649076		5	14085b99-38eb-4843-86be-cf40229c4b3b
beads				646.1439679483316	45.765593852970895		6	14085b99-38eb-4843-86be-cf40229c4b3b
beads				709.8073821550682	61.49781636645025		7	14085b99-38eb-4843-86be-cf40229c4b3b
beads				1089.12954301855	90.84798261794015		8	14085b99-38eb-4843-86be-cf40229c4b3b
beads				1514.2272960967084	116.07833721587237		9	14085b99-38eb-4843-86be-cf40229c4b3b
beads				2080.2109469803895	144.03119347076017		10	14085b99-38eb-4843-86be-cf40229c4b3b
beads				2722.9316511103266	189.14029866037342		11	14085b99-38eb-4843-86be-cf40229c4b3b
beads				3065.202481637555	246.507201906475		12	14085b99-38eb-4843-86be-cf40229c4b3b
beads				3460.8017668994316	255.6182729044479		13	14085b99-38eb-4843-86be-cf40229c4b3b
beads				3913.420899320173	100.17517995918561		14	14085b99-38eb-4843-86be-cf40229c4b3b
croco				1860.9281488731206	1442.4076783081919		1	14085b99-38eb-4843-86be-cf40229c4b3b
croco				1269.560555440842	613.9304727055278		2	14085b99-38eb-4843-86be-cf40229c4b3b
croco				628.8974624581438	438.4447930956979		3	14085b99-38eb-4843-86be-cf40229c4b3b
croco				448.0935838767756	467.13686044609415		4	14085b99-38eb-4843-86be-cf40229c4b3b
croco				366.93971041457064	708.2703155715096		5	14085b99-38eb-4843-86be-cf40229c4b3b
croco				465.25407789014116	1320.7723632163916		6	14085b99-38eb-4843-86be-cf40229c4b3b
croco				705.6739186869481	1802.0693359093827		7	14085b99-38eb-4843-86be-cf40229c4b3b
croco				1393.8582664520907	2381.684172502766		8	14085b99-38eb-4843-86be-cf40229c4b3b
croco				1671.3613619947587	2105.40666916064		9	14085b99-38eb-4843-86be-cf40229c4b3b
picoeuk	3782.409659483744				3915.145310970266		1	14085b99-38eb-4843-86be-cf40229c4b3b
picoeuk	3782.409659483744				3915.145310970266		2	14085b99-38eb-4843-86be-cf40229c4b3b
picoeuk	8.95519826339928				3506.3690298941365		3	14085b99-38eb-4843-86be-cf40229c4b3b
picoeuk	2.2580135159809447				1504.763888957291		4	14085b99-38eb-4843-86be-cf40229c4b3b
picoeuk	3.2678597876356563				50.69188146165942		5	14085b99-38eb-4843-86be-cf40229c4b3b
picoeuk	22.475542593365912				7.330058298582443		6	14085b99-38eb-4843-86be-cf40229c4b3b
picoeuk	3930.3262918321093				131.4011078889292		7	14085b99-38eb-4843-86be-cf40229c4b3b
synecho	39.19553988340557			999.9472580877942			1	14085b99-38eb-4843-86be-cf40229c4b3b
synecho	19.968554416204466			811.4454611449884			2	14085b99-38eb-4843-86be-cf40229c4b3b
synecho	6.5763574404493195			493.0931579593482			3	14085b99-38eb-4843-86be-cf40229c4b3b
synecho	3.357778262576032			270.2615606021326			4	14085b99-38eb-4843-86be-cf40229c4b3b
synecho	2.144503341348418			107.61786902247991			5	14085b99-38eb-4843-86be-cf40229c4b3b
synecho	2.041398057844776			25.34000339482279			6	14085b99-38eb-4843-86be-cf40229c4b3b
synecho	3.194824015328833			9.628041672439767			7	14085b99-38eb-4843-86be-cf40229c4b3b
synecho	6.523530245722208			6.814757469374785			8	14085b99-38eb-4843-86be-cf40229c4b3b
synecho	12.933009796236801			6.074760297732028			9	14085b99-38eb-4843-86be-cf40229c4b3b
synecho	35.34908376691371			5.892881134894748			10	14085b99-38eb-4843-86be-cf40229c4b3b
synecho	80.94187659240325			7.753696517936475			11	14085b99-38eb-4843-86be-cf40229c4b3b
synecho	134.1602029710765			14.483784501256583			12	14085b99-38eb-4843-86be-cf40229c4b3b
synecho	260.8777407971719			33.17265129038858			13	14085b99-38eb-4843-86be-cf40229c4b3b
synecho	392.7397865224441			72.19124728438524			14	14085b99-38eb-4843-86be-cf40229c4b3b
synecho	507.2486598426345			133.9503231257962			15	14085b99-38eb-4843-86be-cf40229c4b3b
synecho	537.2563255684721			198.71209846167528			16	14085b99-38eb-4843-86be-cf40229c4b3b
synecho	434.14902228707723			322.9634683482562			17	14085b99-38eb-4843-86be-cf40229c4b3b
synecho	327.05175268173986			479.2060016248558			18	14085b99-38eb-4843-86be-cf40229c4b3b
synecho	173.42338108004355			713.231270367952			19	14085b99-38eb-4843-86be-cf40229c4b3b
synecho	66.50537991911068			1032.9429056470904			20	14085b99-38eb-4843-86be-cf40229c4b3b
beads				3665.9075224476105	77.12342799412563		1	3e8fae99-dd4f-491f-a0db-8865879c32b0
beads				2783.3869348379976	59.179353716496045		2	3e8fae99-dd4f-491f-a0db-8865879c32b0
beads				1981.9422629107855	53.52937077324362		3	3e8fae99-dd4f-491f-a0db-8865879c32b0
beads				1483.6491930635843	68.94710595134134		4	3e8fae99-dd4f-491f-a0db-8865879c32b0
beads				1706.7033504643264	89.38218329013354		5	3e8fae99-dd4f-491f-a0db-8865879c32b0
beads				2264.2803232152296	109.64695920521376		6	3e8fae99-dd4f-491f-a0db-8865879c32b0
beads				2638.365050103834	127.70127751655497		7	3e8fae99-dd4f-491f-a0db-8865879c32b0
beads				3401.848952137316	157.02582720638927		8	3e8fae99-dd4f-491f-a0db-8865879c32b0
beads				3877.9088095765983	163.27164268394273		9	3e8fae99-dd4f-491f-a0db-8865879c32b0
croco				1730.1889052933966	1322.788376000359		1	3e8fae99-dd4f-491f-a0db-8865879c32b0
croco				1148.4026650244264	611.351489266031		2	3e8fae99-dd4f-491f-a0db-8865879c32b0
croco				726.6889985500205	338.7586007475883		3	3e8fae99-dd4f-491f-a0db-8865879c32b0
croco				445.9118922350618	284.84954581167773		4	3e8fae99-dd4f-491f-a0db-8865879c32b0
croco				309.73419556925137	397.6687888650898		5	3e8fae99-dd4f-491f-a0db-8865879c32b0
croco				296.64024515039677	816.0607252635772		6	3e8fae99-dd4f-491f-a0db-8865879c32b0
croco				382.52947549875995	1247.767907488006		7	3e8fae99-dd4f-491f-a0db-8865879c32b0
croco				638.7189425556785	1896.2498424546884		8	3e8fae99-dd4f-491f-a0db-8865879c32b0
croco				1317.2961693099141	2245.787378794926		9	3e8fae99-dd4f-491f-a0db-8865879c32b0
picoeuk	3248.5923334309355				3790.051281479611		1	3e8fae99-dd4f-491f-a0db-8865879c32b0
picoeuk	18.54765197125564				3750.9457796154707		2	3e8fae99-dd4f-491f-a0db-8865879c32b0
picoeuk	2.5219770924712286				1206.5056491070977		3	3e8fae99-dd4f-491f-a0db-8865879c32b0
picoeuk	2.793838041175065				97.26091510378548		4	3e8fae99-dd4f-491f-a0db-8865879c32b0
picoeuk	80.29102779343515				13.457623462586417		5	3e8fae99-dd4f-491f-a0db-8865879c32b0
picoeuk	3856.3384059783616				291.86509996000194		6	3e8fae99-dd4f-491f-a0db-8865879c32b0
synecho	29.32423437168793			683.7888105186556			1	3e8fae99-dd4f-491f-a0db-8865879c32b0
synecho	7.02561337823544			316.49520969722334			2	3e8fae99-dd4f-491f-a0db-8865879c32b0
synecho	3.0987504730457776			67.22093039334077			3	3e8fae99-dd4f-491f-a0db-8865879c32b0
synecho	3.0629404570709884			29.547478542232167			4	3e8fae99-dd4f-491f-a0db-8865879c32b0
synecho	3.402565529355229			15.625510170899966			5	3e8fae99-dd4f-491f-a0db-8865879c32b0
synecho	7.117393749817755			6.6828004340797245			6	3e8fae99-dd4f-491f-a0db-8865879c32b0
synecho	10.286188013477238			5.821623990715682			7	3e8fae99-dd4f-491f-a0db-8865879c32b0
synecho	15.88455543217742			6.048877084067192			8	3e8fae99-dd4f-491f-a0db-8865879c32b0
synecho	33.06625250636711			6.954267321241455			9	3e8fae99-dd4f-491f-a0db-8865879c32b0
synecho	51.47467303309194			11.49462998064883			10	3e8fae99-dd4f-491f-a0db-8865879c32b0
synecho	92.96577352307307			35.61940191232925			11	3e8fae99-dd4f-491f-a0db-8865879c32b0
synecho	108.11573147012152			62.20163246694528			12	3e8fae99-dd4f-491f-a0db-8865879c32b0
synecho	104.60187577823571			143.99117566768217			13	3e8fae99-dd4f-491f-a0db-8865879c32b0
synecho	95.1168150973303			424.9899596185716			14	3e8fae99-dd4f-491f-a0db-8865879c32b0
synecho	55.817202749194614			785.0195677905435			15	3e8fae99-dd4f-491f-a0db-8865879c32b0
synecho	32.48096573017167			834.4233209542247			16	3e8fae99-dd4f-491f-a0db-8865879c32b0
beads				2919.413528046596	47.24851142117504		1	472d36b5-6bdd-4093-aea3-ba679de9f0d1
beads				1870.7999428866892	30.10662440175815		2	472d36b5-6bdd-4093-aea3-ba679de9f0d1
beads				1164.6366722153539	24.77634785364179		3	472d36b5-6bdd-4093-aea3-ba679de9f0d1
beads				798.5695480081523	26.2367244930838		4	472d36b5-6bdd-4093-aea3-ba679de9f0d1
beads				707.0944866879712	40.63734707731028		5	472d36b5-6bdd-4093-aea3-ba679de9f0d1
beads				793.0410861125898	52.676403229357106		6	472d36b5-6bdd-4093-aea3-ba679de9f0d1
beads				934.8639921968146	71.51482238674645		7	472d36b5-6bdd-4093-aea3-ba679de9f0d1
beads				1278.996106437624	99.84981521449392		8	472d36b5-6bdd-4093-aea3-ba679de9f0d1
beads				1738.1048703394363	134.04659072884715		9	472d36b5-6bdd-4093-aea3-ba679de9f0d1
beads				2337.3317121038885	178.55193942685779		10	472d36b5-6bdd-4093-aea3-ba679de9f0d1
beads				2873.2833791416588	213.3484735440537		11	472d36b5-6bdd-4093-aea3-ba679de9f0d1
beads				3752.5091570838003	234.16290983327715		12	472d36b5-6bdd-4093-aea3-ba679de9f0d1
beads				4069.49373622812	98.77622630800143		13	472d36b5-6bdd-4093-aea3-ba679de9f0d1
croco				1725.7611809204432	1923.0457235935426		1	472d36b5-6bdd-4093-aea3-ba679de9f0d1
croco				1180.1517389197081	643.8911762796143		2	472d36b5-6bdd-4093-aea3-ba679de9f0d1
croco				449.1884292861296	345.39497952926166		3	472d36b5-6bdd-4093-aea3-ba679de9f0d1
croco				326.8774931482136	348.3577236685799		4	472d36b5-6bdd-4093-aea3-ba679de9f0d1
croco				260.71426025285524	552.9746846382725		5	472d36b5-6bdd-4093-aea3-ba679de9f0d1
croco				260.71426025285524	883.7971442859633		6	472d36b5-6bdd-4093-aea3-ba679de9f0d1
croco				301.1074925396407	1226.4842424070655		7	472d36b5-6bdd-4093-aea3-ba679de9f0d1
croco				448.0935838767756	1693.6559234872143		8	472d36b5-6bdd-4093-aea3-ba679de9f0d1
croco				720.5965089255549	2312.526189540243		9	472d36b5-6bdd-4093-aea3-ba679de9f0d1
croco				1128.1254434495456	2425.3808445092286		10	472d36b5-6bdd-4093-aea3-ba679de9f0d1
picoeuk	3641.910607662218				3729.057247294942		1	472d36b5-6bdd-4093-aea3-ba679de9f0d1
picoeuk	15.312668812065837				3708.13869906692		2	472d36b5-6bdd-4093-aea3-ba679de9f0d1
picoeuk	2.442455399788222				931.9854955550962		3	472d36b5-6bdd-4093-aea3-ba679de9f0d1
picoeuk	4.561850289945435				50.196146544212525		4	472d36b5-6bdd-4093-aea3-ba679de9f0d1
picoeuk	22.13164981495883				6.767349867284108		5	472d36b5-6bdd-4093-aea3-ba679de9f0d1
picoeuk	3911.458641993297				146.52124379759618		6	472d36b5-6bdd-4093-aea3-ba679de9f0d1
synecho	45.482656934158705			386.46593099762123			1	472d36b5-6bdd-4093-aea3-ba679de9f0d1
synecho	45.482656934158705			386.46593099762123			2	472d36b5-6bdd-4093-aea3-ba679de9f0d1
synecho	19.344453597887394			333.84661011438374			3	472d36b5-6bdd-4093-aea3-ba679de9f0d1
synecho	5.269248062702935			206.2382642728647			4	472d36b5-6bdd-4093-aea3-ba679de9f0d1
synecho	2.3801921566657005			95.38084813530358			5	472d36b5-6bdd-4093-aea3-ba679de9f0d1
synecho	1.711175071250813			56.67261031313475			6	472d36b5-6bdd-4093-aea3-ba679de9f0d1
synecho	1.9133222413764586			22.473867057032262			7	472d36b5-6bdd-4093-aea3-ba679de9f0d1
synecho	2.842410461127525			13.476078407480585			8	472d36b5-6bdd-4093-aea3-ba679de9f0d1
synecho	3.966723700528036			8.874175476095752			9	472d36b5-6bdd-4093-aea3-ba679de9f0d1
synecho	6.413709523583918			6.5314493315128095			10	472d36b5-6bdd-4093-aea3-ba679de9f0d1
synecho	10.686633465777023			5.392410377621533			11	472d36b5-6bdd-4093-aea3-ba679de9f0d1
synecho	17.789968238622237			4.506810252804678			12	472d36b5-6bdd-4093-aea3-ba679de9f0d1
synecho	26.499429023230594			4.378992906584445			13	472d36b5-6bdd-4093-aea3-ba679de9f0d1
synecho	40.94977027938091			4.416249280861178			14	472d36b5-6bdd-4093-aea3-ba679de9f0d1
synecho	63.885456014011			5.261539747097881			15	472d36b5-6bdd-4093-aea3-ba679de9f0d1
synecho	96.55551550776583			7.218147474027534			16	472d36b5-6bdd-4093-aea3-ba679de9f0d1
synecho	206.16279666775984			12.540182971094994			17	472d36b5-6bdd-4093-aea3-ba679de9f0d1
synecho	268.5015357816772			24.47575516065609			18	472d36b5-6bdd-4093-aea3-ba679de9f0d1
synecho	329.5996596084769			52.233430533826834			19	472d36b5-6bdd-4093-aea3-ba679de9f0d1
synecho	313.44469314472366			102.13867771797864			20	472d36b5-6bdd-4093-aea3-ba679de9f0d1
synecho	261.2493109199389			185.86044554723765			21	472d36b5-6bdd-4093-aea3-ba679de9f0d1
synecho	164.73331038254327			315.0505909823798			22	472d36b5-6bdd-4093-aea3-ba679de9f0d1
synecho	79.59274123464711			402.4784228083246			23	472d36b5-6bdd-4093-aea3-ba679de9f0d1
beads				2919.413528046596	47.24851142117504		1	555e24a7-2ea8-40f9-83ce-b548377c0b61
beads				1870.7999428866892	30.10662440175815		2	555e24a7-2ea8-40f9-83ce-b548377c0b61
beads				1164.6366722153539	24.77634785364179		3	555e24a7-2ea8-40f9-83ce-b548377c0b61
beads				798.5695480081523	26.2367244930838		4	555e24a7-2ea8-40f9-83ce-b548377c0b61
beads				707.0944866879712	40.63734707731028		5	555e24a7-2ea8-40f9-83ce-b548377c0b61
beads				793.0410861125898	52.676403229357106		6	555e24a7-2ea8-40f9-83ce-b548377c0b61
beads				934.8639921968146	71.51482238674645		7	555e24a7-2ea8-40f9-83ce-b548377c0b61
beads				1278.996106437624	99.84981521449392		8	555e24a7-2ea8-40f9-83ce-b548377c0b61
beads				1738.1048703394363	134.04659072884715		9	555e24a7-2ea8-40f9-83ce-b548377c0b61
beads				2337.3317121038885	178.55193942685779		10	555e24a7-2ea8-40f9-83ce-b548377c0b61
beads				2873.2833791416588	213.3484735440537		11	555e24a7-2ea8-40f9-83ce-b548377c0b61
beads				3752.5091570838003	234.16290983327715		12	555e24a7-2ea8-40f9-83ce-b548377c0b61
beads				4069.49373622812	98.77622630800143		13	555e24a7-2ea8-40f9-83ce-b548377c0b61
croco				1725.7611809204432	1923.0457235935426		1	555e24a7-2ea8-40f9-83ce-b548377c0b61
croco				1180.1517389197081	643.8911762796143		2	555e24a7-2ea8-40f9-83ce-b548377c0b61
croco				449.1884292861296	345.39497952926166		3	555e24a7-2ea8-40f9-83ce-b548377c0b61
croco				326.8774931482136	348.3577236685799		4	555e24a7-2ea8-40f9-83ce-b548377c0b61
croco				260.71426025285524	552.9746846382725		5	555e24a7-2ea8-40f9-83ce-b548377c0b61
croco				260.71426025285524	883.7971442859633		6	555e24a7-2ea8-40f9-83ce-b548377c0b61
croco				301.1074925396407	1226.4842424070655		7	555e24a7-2ea8-40f9-83ce-b548377c0b61
croco				448.0935838767756	1693.6559234872143		8	555e24a7-2ea8-40f9-83ce-b548377c0b61
croco				720.5965089255549	2312.526189540243		9	555e24a7-2ea8-40f9-83ce-b548377c0b61
croco				1128.1254434495456	2425.3808445092286		10	555e24a7-2ea8-40f9-83ce-b548377c0b61
picoeuk	3609.9949466285652				3582.089197235886		1	555e24a7-2ea8-40f9-83ce-b548377c0b61
picoeuk	15.708714736616571				3589.5272607146658		2	555e24a7-2ea8-40f9-83ce-b548377c0b61
picoeuk	1.7159282892220045				841.9952530346202		3	555e24a7-2ea8-40f9-83ce-b548377c0b61
picoeuk	2.912714470700342				70.480113305841		4	555e24a7-2ea8-40f9-83ce-b548377c0b61
picoeuk	76.78422975902812				16.886243656825737		5	555e24a7-2ea8-40f9-83ce-b548377c0b61
picoeuk	3694.213892002178				532.2474713224975		6	555e24a7-2ea8-40f9-83ce-b548377c0b61
synecho	45.482656934158705			386.46593099762123			1	555e24a7-2ea8-40f9-83ce-b548377c0b61
synecho	45.482656934158705			386.46593099762123			2	555e24a7-2ea8-40f9-83ce-b548377c0b61
synecho	19.344453597887394			333.84661011438374			3	555e24a7-2ea8-40f9-83ce-b548377c0b61
synecho	5.269248062702935			206.2382642728647			4	555e24a7-2ea8-40f9-83ce-b548377c0b61
synecho	2.3801921566657005			95.38084813530358			5	555e24a7-2ea8-40f9-83ce-b548377c0b61
synecho	1.711175071250813			56.67261031313475			6	555e24a7-2ea8-40f9-83ce-b548377c0b61
synecho	1.9133222413764586			22.473867057032262			7	555e24a7-2ea8-40f9-83ce-b548377c0b61
synecho	2.842410461127525			13.476078407480585			8	555e24a7-2ea8-40f9-83ce-b548377c0b61
synecho	3.966723700528036			8.874175476095752			9	555e24a7-2ea8-40f9-83ce-b548377c0b61
synecho	6.413709523583918			6.5314493315128095			10	555e24a7-2ea8-40f9-83ce-b548377c0b61
synecho	10.686633465777023			5.392410377621533			11	555e24a7-2ea8-40f9-83ce-b548377c0b61
synecho	17.789968238622237			4.506810252804678			12	555e24a7-2ea8-40f9-83ce-b548377c0b61
synecho	26.499429023230594			4.378992906584445			13	555e24a7-2ea8-40f9-83ce-b548377c0b61
synecho	40.94977027938091			4.416249280861178			14	555e24a7-2ea8-40f9-83ce-b548377c0b61
synecho	63.885456014011			5.261539747097881			15	555e24a7-2ea8-40f9-83ce-b548377c0b61
synecho	96.55551550776583			7.218147474027534			16	555e24a7-2ea8-40f9-83ce-b548377c0b61
synecho	206.16279666775984			12.540182971094994			17	555e24a7-2ea8-40f9-83ce-b548377c0b61
synecho	268.5015357816772			24.47575516065609			18	555e24a7-2ea8-40f9-83ce-b548377c0b61
synecho	329.5996596084769			52.233430533826834			19	555e24a7-2ea8-40f9-83ce-b548377c0b61
synecho	313.44469314472366			102.13867771797864			20	555e24a7-2ea8-40f9-83ce-b548377c0b61
synecho	261.2493109199389			185.86044554723765			21	555e24a7-2ea8-40f9-83ce-b548377c0b61
synecho	164.73331038254327			315.0505909823798			22	555e24a7-2ea8-40f9-83ce-b548377c0b61
synecho	79.59274123464711			402.4784228083246			23	555e24a7-2ea8-40f9-83ce-b548377c0b61
beads				2678.0904302753224	49.680336522449586		1	5dd37ecd-73f3-4f3e-a0fc-2324860c42ac
beads				1940.1431920319437	35.66070754343359		2	5dd37ecd-73f3-4f3e-a0fc-2324860c42ac
beads				1208.787926962517	28.684394427421566		3	5dd37ecd-73f3-4f3e-a0fc-2324860c42ac
beads				800.6289023821972	28.623220256708876		4	5dd37ecd-73f3-4f3e-a0fc-2324860c42ac
beads				612.6026899106781	40.12827519992074		5	5dd37ecd-73f3-4f3e-a0fc-2324860c42ac
beads				656.4732212819238	60.28044609602503		6	5dd37ecd-73f3-4f3e-a0fc-2324860c42ac
beads				872.921578228455	81.65819588352952		7	5dd37ecd-73f3-4f3e-a0fc-2324860c42ac
beads				1311.6529259134488	101.68694523250844		8	5dd37ecd-73f3-4f3e-a0fc-2324860c42ac
beads				2157.754931199816	141.75533212466055		9	5dd37ecd-73f3-4f3e-a0fc-2324860c42ac
beads				2752.1538376380086	172.5031479360132		10	5dd37ecd-73f3-4f3e-a0fc-2324860c42ac
beads				3486.935997460034	219.79919244001303		11	5dd37ecd-73f3-4f3e-a0fc-2324860c42ac
beads				3736.0140854467545	214.05093197773124		12	5dd37ecd-73f3-4f3e-a0fc-2324860c42ac
beads				3812.49674443715	64.63236547323257		13	5dd37ecd-73f3-4f3e-a0fc-2324860c42ac
croco				1364.4105114962802	1378.1471844953069		1	5dd37ecd-73f3-4f3e-a0fc-2324860c42ac
croco				853.424748530922	645.5038023212761		2	5dd37ecd-73f3-4f3e-a0fc-2324860c42ac
croco				283.51113940959505	291.53047903279725		3	5dd37ecd-73f3-4f3e-a0fc-2324860c42ac
croco				192.04098495404742	307.5911572064206		4	5dd37ecd-73f3-4f3e-a0fc-2324860c42ac
croco				175.21473051173356	573.9416438359747		5	5dd37ecd-73f3-4f3e-a0fc-2324860c42ac
croco				208.2859343724099	824.9711171757461		6	5dd37ecd-73f3-4f3e-a0fc-2324860c42ac
croco				335.1365805284813	1475.1579017443398		7	5dd37ecd-73f3-4f3e-a0fc-2324860c42ac
croco				716.8693359310632	2540.951061851363		8	5dd37ecd-73f3-4f3e-a0fc-2324860c42ac
croco				1169.258341018249	2364.455586292656		9	5dd37ecd-73f3-4f3e-a0fc-2324860c42ac
picoeuk	3718.7344798523213				3559.0431765461767		1	5dd37ecd-73f3-4f3e-a0fc-2324860c42ac
picoeuk	14.58781874911125				3697.974095570074		2	5dd37ecd-73f3-4f3e-a0fc-2324860c42ac
picoeuk	1.8062115760943511				933.5343522175623		3	5dd37ecd-73f3-4f3e-a0fc-2324860c42ac
picoeuk	2.391997674860569				55.94559606411928		4	5dd37ecd-73f3-4f3e-a0fc-2324860c42ac
picoeuk	14.029774359839577				7.854189807456856		5	5dd37ecd-73f3-4f3e-a0fc-2324860c42ac
picoeuk	4037.515328640275				151.5202838620971		6	5dd37ecd-73f3-4f3e-a0fc-2324860c42ac
synecho	13.934535572026446			707.9576446097846			1	5dd37ecd-73f3-4f3e-a0fc-2324860c42ac
synecho	3.6964975603611006			277.7451385151157			2	5dd37ecd-73f3-4f3e-a0fc-2324860c42ac
synecho	2.3799501894270527			101.03705487993938			3	5dd37ecd-73f3-4f3e-a0fc-2324860c42ac
synecho	2.0904729923324314			49.490122105377864			4	5dd37ecd-73f3-4f3e-a0fc-2324860c42ac
synecho	1.7565922321228007			27.42007665036217			5	5dd37ecd-73f3-4f3e-a0fc-2324860c42ac
synecho	1.7638695982675658			18.8256598719082			6	5dd37ecd-73f3-4f3e-a0fc-2324860c42ac
synecho	2.421768280689459			10.684026332130722			7	5dd37ecd-73f3-4f3e-a0fc-2324860c42ac
synecho	3.7597919814708405			7.302290150923555			8	5dd37ecd-73f3-4f3e-a0fc-2324860c42ac
synecho	7.025375298595108			5.941809379087493			9	5dd37ecd-73f3-4f3e-a0fc-2324860c42ac
synecho	13.318629899398832			5.740713658511532			10	5dd37ecd-73f3-4f3e-a0fc-2324860c42ac
synecho	43.386965104876296			7.838236285782385			11	5dd37ecd-73f3-4f3e-a0fc-2324860c42ac
synecho	62.65690755268967			10.832772669785346			12	5dd37ecd-73f3-4f3e-a0fc-2324860c42ac
synecho	99.38058606781829			22.165275201597613			13	5dd37ecd-73f3-4f3e-a0fc-2324860c42ac
synecho	177.3879533107732			40.960595858872225			14	5dd37ecd-73f3-4f3e-a0fc-2324860c42ac
synecho	219.50889105194588			76.45673357276821			15	5dd37ecd-73f3-4f3e-a0fc-2324860c42ac
synecho	219.5684087797839			138.92475401349523			16	5dd37ecd-73f3-4f3e-a0fc-2324860c42ac
synecho	210.15528601206995			249.2185551965381			17	5dd37ecd-73f3-4f3e-a0fc-2324860c42ac
synecho	191.75407327518602			472.20971494961015			18	5dd37ecd-73f3-4f3e-a0fc-2324860c42ac
synecho	105.25614631762267			796.0837312020931			19	5dd37ecd-73f3-4f3e-a0fc-2324860c42ac
synecho	32.4556591826262			1043.4270425134355			20	5dd37ecd-73f3-4f3e-a0fc-2324860c42ac
synecho	16.981770432722424			909.2743103026539			21	5dd37ecd-73f3-4f3e-a0fc-2324860c42ac
beads				2919.413528046596	47.24851142117504		1	5e28a720-72ab-4b9a-a26f-9f69eeb52605
beads				1870.7999428866892	30.10662440175815		2	5e28a720-72ab-4b9a-a26f-9f69eeb52605
beads				1164.6366722153539	24.77634785364179		3	5e28a720-72ab-4b9a-a26f-9f69eeb52605
beads				798.5695480081523	26.2367244930838		4	5e28a720-72ab-4b9a-a26f-9f69eeb52605
beads				707.0944866879712	40.63734707731028		5	5e28a720-72ab-4b9a-a26f-9f69eeb52605
beads				793.0410861125898	52.676403229357106		6	5e28a720-72ab-4b9a-a26f-9f69eeb52605
beads				934.8639921968146	71.51482238674645		7	5e28a720-72ab-4b9a-a26f-9f69eeb52605
beads				1278.996106437624	99.84981521449392		8	5e28a720-72ab-4b9a-a26f-9f69eeb52605
beads				1738.1048703394363	134.04659072884715		9	5e28a720-72ab-4b9a-a26f-9f69eeb52605
beads				2337.3317121038885	178.55193942685779		10	5e28a720-72ab-4b9a-a26f-9f69eeb52605
beads				2873.2833791416588	213.3484735440537		11	5e28a720-72ab-4b9a-a26f-9f69eeb52605
beads				3752.5091570838003	234.16290983327715		12	5e28a720-72ab-4b9a-a26f-9f69eeb52605
beads				4069.49373622812	98.77622630800143		13	5e28a720-72ab-4b9a-a26f-9f69eeb52605
croco				3265.7325653709463	267.8290556846753		1	5e28a720-72ab-4b9a-a26f-9f69eeb52605
croco				2034.6149401940747	116.39345677638173		2	5e28a720-72ab-4b9a-a26f-9f69eeb52605
croco				1165.6632704624574	64.67180215705744		3	5e28a720-72ab-4b9a-a26f-9f69eeb52605
croco				703.5569910973107	41.29117305438272		4	5e28a720-72ab-4b9a-a26f-9f69eeb52605
croco				451.8430874854121	30.935038693598823		5	5e28a720-72ab-4b9a-a26f-9f69eeb52605
croco				286.7739157657198	32.61553075672222		6	5e28a720-72ab-4b9a-a26f-9f69eeb52605
croco				259.93174675623527	45.106598223709256		7	5e28a720-72ab-4b9a-a26f-9f69eeb52605
croco				258.4911505091488	66.4017890384925		8	5e28a720-72ab-4b9a-a26f-9f69eeb52605
croco				323.3029283450741	138.80804754397712		9	5e28a720-72ab-4b9a-a26f-9f69eeb52605
croco				514.7780419243566	348.97973634553307		10	5e28a720-72ab-4b9a-a26f-9f69eeb52605
croco				1219.8574459871095	747.7630909379787		11	5e28a720-72ab-4b9a-a26f-9f69eeb52605
croco				2835.9434248244106	1176.266119789318		12	5e28a720-72ab-4b9a-a26f-9f69eeb52605
croco				3982.9933664047626	1028.3047744231362		13	5e28a720-72ab-4b9a-a26f-9f69eeb52605
picoeuk	3641.910607662218				3729.057247294942		1	5e28a720-72ab-4b9a-a26f-9f69eeb52605
picoeuk	15.312668812065837				3708.13869906692		2	5e28a720-72ab-4b9a-a26f-9f69eeb52605
picoeuk	2.442455399788222				931.9854955550962		3	5e28a720-72ab-4b9a-a26f-9f69eeb52605
picoeuk	4.561850289945435				50.196146544212525		4	5e28a720-72ab-4b9a-a26f-9f69eeb52605
picoeuk	22.13164981495883				6.767349867284108		5	5e28a720-72ab-4b9a-a26f-9f69eeb52605
picoeuk	3911.458641993297				146.52124379759618		6	5e28a720-72ab-4b9a-a26f-9f69eeb52605
synecho	45.482656934158705			386.46593099762123			1	5e28a720-72ab-4b9a-a26f-9f69eeb52605
synecho	45.482656934158705			386.46593099762123			2	5e28a720-72ab-4b9a-a26f-9f69eeb52605
synecho	19.344453597887394			333.84661011438374			3	5e28a720-72ab-4b9a-a26f-9f69eeb52605
synecho	5.269248062702935			206.2382642728647			4	5e28a720-72ab-4b9a-a26f-9f69eeb52605
synecho	2.3801921566657005			95.38084813530358			5	5e28a720-72ab-4b9a-a26f-9f69eeb52605
synecho	1.711175071250813			56.67261031313475			6	5e28a720-72ab-4b9a-a26f-9f69eeb52605
synecho	1.9133222413764586			22.473867057032262			7	5e28a720-72ab-4b9a-a26f-9f69eeb52605
synecho	2.842410461127525			13.476078407480585			8	5e28a720-72ab-4b9a-a26f-9f69eeb52605
synecho	3.966723700528036			8.874175476095752			9	5e28a720-72ab-4b9a-a26f-9f69eeb52605
synecho	6.413709523583918			6.5314493315128095			10	5e28a720-72ab-4b9a-a26f-9f69eeb52605
synecho	10.686633465777023			5.392410377621533			11	5e28a720-72ab-4b9a-a26f-9f69eeb52605
synecho	17.789968238622237			4.506810252804678			12	5e28a720-72ab-4b9a-a26f-9f69eeb52605
synecho	26.499429023230594			4.378992906584445			13	5e28a720-72ab-4b9a-a26f-9f69eeb52605
synecho	40.94977027938091			4.416249280861178			14	5e28a720-72ab-4b9a-a26f-9f69eeb52605
synecho	63.885456014011			5.261539747097881			15	5e28a720-72ab-4b9a-a26f-9f69eeb52605
synecho	96.55551550776583			7.218147474027534			16	5e28a720-72ab-4b9a-a26f-9f69eeb52605
synecho	206.16279666775984			12.540182971094994			17	5e28a720-72ab-4b9a-a26f-9f69eeb52605
synecho	268.5015357816772			24.47575516065609			18	5e28a720-72ab-4b9a-a26f-9f69eeb52605
synecho	329.5996596084769			52.233430533826834			19	5e28a720-72ab-4b9a-a26f-9f69eeb52605
synecho	313.44469314472366			102.13867771797864			20	5e28a720-72ab-4b9a-a26f-9f69eeb52605
synecho	261.2493109199389			185.86044554723765			21	5e28a720-72ab-4b9a-a26f-9f69eeb52605
synecho	164.73331038254327			315.0505909823798			22	5e28a720-72ab-4b9a-a26f-9f69eeb52605
synecho	79.59274123464711			402.4784228083246			23	5e28a720-72ab-4b9a-a26f-9f69eeb52605
beads				3280.373595191209	74.96915547010948		1	65453512-3a47-4446-93b4-8d4804689fe7
beads				1858.2892401590982	44.986002660346905		2	65453512-3a47-4446-93b4-8d4804689fe7
beads				1127.052286050626	37.63743169376102		3	65453512-3a47-4446-93b4-8d4804689fe7
beads				905.5535168216968	40.13099502250709		4	65453512-3a47-4446-93b4-8d4804689fe7
beads				824.5289819216601	57.33363717910393		5	65453512-3a47-4446-93b4-8d4804689fe7
beads				1041.3429097548933	82.28320222314272		6	65453512-3a47-4446-93b4-8d4804689fe7
beads				1412.6520894697614	106.33528230291118		7	65453512-3a47-4446-93b4-8d4804689fe7
beads				1861.5036718755464	132.07611628542912		8	65453512-3a47-4446-93b4-8d4804689fe7
beads				2390.359591660902	161.35201982870507		9	65453512-3a47-4446-93b4-8d4804689fe7
beads				2829.511739366112	189.78234373038586		10	65453512-3a47-4446-93b4-8d4804689fe7
beads				3611.162241438123	237.63228116139214		11	65453512-3a47-4446-93b4-8d4804689fe7
croco				1818.1735581146604	177.4901751092118		1	65453512-3a47-4446-93b4-8d4804689fe7
croco				1207.3141454688173	100.64133952092754		2	65453512-3a47-4446-93b4-8d4804689fe7
croco				865.6454352087497	61.49781636645025		3	65453512-3a47-4446-93b4-8d4804689fe7
croco				540.5215340688761	50.1437816268652		4	65453512-3a47-4446-93b4-8d4804689fe7
croco				367.3369545579209	42.875401433448395		5	65453512-3a47-4446-93b4-8d4804689fe7
croco				304.594330826613	42.68403907403217		6	65453512-3a47-4446-93b4-8d4804689fe7
croco				247.92133494158898	50.36858772699846		7	65453512-3a47-4446-93b4-8d4804689fe7
croco				261.5575845616166	64.79245229213359		8	65453512-3a47-4446-93b4-8d4804689fe7
croco				287.6888813714485	96.25821586904992		9	65453512-3a47-4446-93b4-8d4804689fe7
croco				308.8663867936557	143.89946882962164		10	65453512-3a47-4446-93b4-8d4804689fe7
croco				358.1183765232544	211.41962080976023		11	65453512-3a47-4446-93b4-8d4804689fe7
croco				559.0199812962188	321.04513211370823		12	65453512-3a47-4446-93b4-8d4804689fe7
croco				979.0574658507577	462.9123579470251		13	65453512-3a47-4446-93b4-8d4804689fe7
croco				1521.170565378154	582.0477846438703		14	65453512-3a47-4446-93b4-8d4804689fe7
croco				1729.1749641719882	644.2679761285578		15	65453512-3a47-4446-93b4-8d4804689fe7
croco				2031.3769193139221	651.8887197663028		16	65453512-3a47-4446-93b4-8d4804689fe7
croco				2434.999704444661	493.0296636614431		17	65453512-3a47-4446-93b4-8d4804689fe7
croco				2681.632215601431	288.3252307731162		18	65453512-3a47-4446-93b4-8d4804689fe7
croco				2586.663600177258	218.8700934984268		19	65453512-3a47-4446-93b4-8d4804689fe7
picoeuk	3735.9127968591215				3756.835254217743		1	65453512-3a47-4446-93b4-8d4804689fe7
picoeuk	3735.9127968591215				3756.835254217743		2	65453512-3a47-4446-93b4-8d4804689fe7
picoeuk	13.623564180801134				3962.3955590207047		3	65453512-3a47-4446-93b4-8d4804689fe7
picoeuk	2.088561137003809				1026.9048743329245		4	65453512-3a47-4446-93b4-8d4804689fe7
picoeuk	2.9031563173117307				70.12719887031989		5	65453512-3a47-4446-93b4-8d4804689fe7
picoeuk	18.85260114871506				8.093037107284724		6	65453512-3a47-4446-93b4-8d4804689fe7
picoeuk	4148.471070465473				145.7585785735536		7	65453512-3a47-4446-93b4-8d4804689fe7
synecho	76.28126786747012			992.822778223318			1	65453512-3a47-4446-93b4-8d4804689fe7
synecho	16.40036552738599			800.8188466471728			2	65453512-3a47-4446-93b4-8d4804689fe7
synecho	6.438971453842208			500.19540638339015			3	65453512-3a47-4446-93b4-8d4804689fe7
synecho	3.6382118641773835			255.14055680061853			4	65453512-3a47-4446-93b4-8d4804689fe7
synecho	2.6796532540200872			98.15159070821946			5	65453512-3a47-4446-93b4-8d4804689fe7
synecho	2.4088360664319617			50.303426843573575			6	65453512-3a47-4446-93b4-8d4804689fe7
synecho	2.562167648836312			27.583171590458875			7	65453512-3a47-4446-93b4-8d4804689fe7
synecho	3.3807277702808296			15.076227490821699			8	65453512-3a47-4446-93b4-8d4804689fe7
synecho	4.504855770090217			10.570584050643955			9	65453512-3a47-4446-93b4-8d4804689fe7
synecho	8.046874758527984			7.422545167628004			10	65453512-3a47-4446-93b4-8d4804689fe7
synecho	18.7690938731609			6.9089322179911195			11	65453512-3a47-4446-93b4-8d4804689fe7
synecho	48.41880411716403			8.745800182737394			12	65453512-3a47-4446-93b4-8d4804689fe7
synecho	95.40412312645906			14.038715506431055			13	65453512-3a47-4446-93b4-8d4804689fe7
synecho	162.96209173605345			26.708407834038706			14	65453512-3a47-4446-93b4-8d4804689fe7
synecho	215.20009798073525			39.00579434337705			15	65453512-3a47-4446-93b4-8d4804689fe7
synecho	301.71986182734713			74.12238120350995			16	65453512-3a47-4446-93b4-8d4804689fe7
synecho	329.2535882011608			128.58628193996665			17	65453512-3a47-4446-93b4-8d4804689fe7
synecho	302.2110453297547			386.42664337376544			18	65453512-3a47-4446-93b4-8d4804689fe7
synecho	230.68946080032876			769.4537617824586			19	65453512-3a47-4446-93b4-8d4804689fe7
synecho	146.47755541843512			896.8193266681444			20	65453512-3a47-4446-93b4-8d4804689fe7
beads				3518.748494366643	60.92530417997222		1	742abbfe-31f9-412e-8c8f-e666b86eed4e
beads				1925.536762576415	29.759712417009556		2	742abbfe-31f9-412e-8c8f-e666b86eed4e
beads				1061.2934443026145	24.553180514265897		3	742abbfe-31f9-412e-8c8f-e666b86eed4e
beads				730.451510839405	31.441284129094058		4	742abbfe-31f9-412e-8c8f-e666b86eed4e
beads				729.1407523490328	41.37942145015033		5	742abbfe-31f9-412e-8c8f-e666b86eed4e
beads				834.0275382409488	56.99270103271968		6	742abbfe-31f9-412e-8c8f-e666b86eed4e
beads				1260.579370784793	78.63562948147693		7	742abbfe-31f9-412e-8c8f-e666b86eed4e
beads				2034.4081038857478	123.41696672305363		8	742abbfe-31f9-412e-8c8f-e666b86eed4e
beads				2658.9193156942188	179.01845635573844		9	742abbfe-31f9-412e-8c8f-e666b86eed4e
beads				2957.551814909437	226.0386086097143		10	742abbfe-31f9-412e-8c8f-e666b86eed4e
beads				3254.0226955845346	264.88650508308604		11	742abbfe-31f9-412e-8c8f-e666b86eed4e
beads				3763.3337530163412	260.5596727738817		12	742abbfe-31f9-412e-8c8f-e666b86eed4e
croco				1655.9410808068283	161.52161348713878		1	742abbfe-31f9-412e-8c8f-e666b86eed4e
croco				1165.1893434893516	92.46620383747769		2	742abbfe-31f9-412e-8c8f-e666b86eed4e
croco				787.8178276405017	65.91304841328848		3	742abbfe-31f9-412e-8c8f-e666b86eed4e
croco				505.3921493551214	55.41951323721131		4	742abbfe-31f9-412e-8c8f-e666b86eed4e
croco				383.56940816156384	65.20213927407528		5	742abbfe-31f9-412e-8c8f-e666b86eed4e
croco				362.52634387143036	135.36584156556208		6	742abbfe-31f9-412e-8c8f-e666b86eed4e
croco				411.52591143254426	163.24398031665476		7	742abbfe-31f9-412e-8c8f-e666b86eed4e
croco				647.327461382691	277.22043278364447		8	742abbfe-31f9-412e-8c8f-e666b86eed4e
croco				1167.0466587850399	540.0491568608277		9	742abbfe-31f9-412e-8c8f-e666b86eed4e
croco				1864.9764476752844	1245.8935419928293		10	742abbfe-31f9-412e-8c8f-e666b86eed4e
croco				2227.8224745598486	1675.369451515798		11	742abbfe-31f9-412e-8c8f-e666b86eed4e
croco				3158.308800263078	1925.4193089414387		12	742abbfe-31f9-412e-8c8f-e666b86eed4e
croco				3880.669494211068	1749.5218399879454		13	742abbfe-31f9-412e-8c8f-e666b86eed4e
croco				3864.6586435087656	421.77897392011016		14	742abbfe-31f9-412e-8c8f-e666b86eed4e
picoeuk	3713.445391730516				3858.769692724335		1	742abbfe-31f9-412e-8c8f-e666b86eed4e
picoeuk	13.404207135669363				3857.2008219477307		2	742abbfe-31f9-412e-8c8f-e666b86eed4e
picoeuk	2.790679666295965				1050.9502716956736		3	742abbfe-31f9-412e-8c8f-e666b86eed4e
picoeuk	3.278619347475799				48.357804351051804		4	742abbfe-31f9-412e-8c8f-e666b86eed4e
picoeuk	18.89481416136675				8.544830399700837		5	742abbfe-31f9-412e-8c8f-e666b86eed4e
picoeuk	3758.006697021525				113.23355275820552		6	742abbfe-31f9-412e-8c8f-e666b86eed4e
synecho	23.16452215130233			874.1352638201666			1	742abbfe-31f9-412e-8c8f-e666b86eed4e
synecho	6.880240834989034			542.8160366077129			2	742abbfe-31f9-412e-8c8f-e666b86eed4e
synecho	3.1108502214154226			177.4949872475387			3	742abbfe-31f9-412e-8c8f-e666b86eed4e
synecho	2.175317894804153			60.08832301793954			4	742abbfe-31f9-412e-8c8f-e666b86eed4e
synecho	2.100841532064715			25.78700012877038			5	742abbfe-31f9-412e-8c8f-e666b86eed4e
synecho	3.0213946883951954			10.857396347957096			6	742abbfe-31f9-412e-8c8f-e666b86eed4e
synecho	5.119113316228527			6.782732544488473			7	742abbfe-31f9-412e-8c8f-e666b86eed4e
synecho	8.683252197411072			6.1727080420653655			8	742abbfe-31f9-412e-8c8f-e666b86eed4e
synecho	19.165665879317473			6.105925008221448			9	742abbfe-31f9-412e-8c8f-e666b86eed4e
synecho	35.27130542837597			8.357253609721019			10	742abbfe-31f9-412e-8c8f-e666b86eed4e
synecho	77.74270007743463			21.802474003956878			11	742abbfe-31f9-412e-8c8f-e666b86eed4e
synecho	139.4587088710975			58.78718628223598			12	742abbfe-31f9-412e-8c8f-e666b86eed4e
synecho	166.56893155088815			107.8003710728213			13	742abbfe-31f9-412e-8c8f-e666b86eed4e
synecho	166.8796784826391			227.08123230197828			14	742abbfe-31f9-412e-8c8f-e666b86eed4e
synecho	129.90108765591137			400.505593990238			15	742abbfe-31f9-412e-8c8f-e666b86eed4e
synecho	70.16095272942033			658.344592502615			16	742abbfe-31f9-412e-8c8f-e666b86eed4e
synecho	45.345686622026854			762.4455642642469			17	742abbfe-31f9-412e-8c8f-e666b86eed4e
beads				3098.8328836013634	72.40979744310798		1	7b122867-d6a2-46e0-a1cf-a05f8efbfafb
beads				1686.4657790141478	41.91998900946427		2	7b122867-d6a2-46e0-a1cf-a05f8efbfafb
beads				1085.1507241470551	31.37848356177675		3	7b122867-d6a2-46e0-a1cf-a05f8efbfafb
beads				796.677460801067	30.264153897923983		4	7b122867-d6a2-46e0-a1cf-a05f8efbfafb
beads				672.687733965172	33.870341893649076		5	7b122867-d6a2-46e0-a1cf-a05f8efbfafb
beads				646.1439679483316	45.765593852970895		6	7b122867-d6a2-46e0-a1cf-a05f8efbfafb
beads				709.8073821550682	61.49781636645025		7	7b122867-d6a2-46e0-a1cf-a05f8efbfafb
beads				1089.12954301855	90.84798261794015		8	7b122867-d6a2-46e0-a1cf-a05f8efbfafb
beads				1514.2272960967084	116.07833721587237		9	7b122867-d6a2-46e0-a1cf-a05f8efbfafb
beads				2080.2109469803895	144.03119347076017		10	7b122867-d6a2-46e0-a1cf-a05f8efbfafb
beads				2722.9316511103266	189.14029866037342		11	7b122867-d6a2-46e0-a1cf-a05f8efbfafb
beads				3065.202481637555	246.507201906475		12	7b122867-d6a2-46e0-a1cf-a05f8efbfafb
beads				3460.8017668994316	255.6182729044479		13	7b122867-d6a2-46e0-a1cf-a05f8efbfafb
beads				3913.420899320173	100.17517995918561		14	7b122867-d6a2-46e0-a1cf-a05f8efbfafb
croco				1860.9281488731206	1442.4076783081919		1	7b122867-d6a2-46e0-a1cf-a05f8efbfafb
croco				1269.560555440842	613.9304727055278		2	7b122867-d6a2-46e0-a1cf-a05f8efbfafb
croco				628.8974624581438	438.4447930956979		3	7b122867-d6a2-46e0-a1cf-a05f8efbfafb
croco				448.0935838767756	467.13686044609415		4	7b122867-d6a2-46e0-a1cf-a05f8efbfafb
croco				366.93971041457064	708.2703155715096		5	7b122867-d6a2-46e0-a1cf-a05f8efbfafb
croco				465.25407789014116	1320.7723632163916		6	7b122867-d6a2-46e0-a1cf-a05f8efbfafb
croco				705.6739186869481	1802.0693359093827		7	7b122867-d6a2-46e0-a1cf-a05f8efbfafb
croco				1393.8582664520907	2381.684172502766		8	7b122867-d6a2-46e0-a1cf-a05f8efbfafb
croco				1671.3613619947587	2105.40666916064		9	7b122867-d6a2-46e0-a1cf-a05f8efbfafb
picoeuk	3457.1722158952903				3878.2342150911086		1	7b122867-d6a2-46e0-a1cf-a05f8efbfafb
picoeuk	3457.1722158952903				3878.2342150911086		2	7b122867-d6a2-46e0-a1cf-a05f8efbfafb
picoeuk	7.482672181688959				3823.0281988400066		3	7b122867-d6a2-46e0-a1cf-a05f8efbfafb
picoeuk	2.315511293597167				1367.1602431394267		4	7b122867-d6a2-46e0-a1cf-a05f8efbfafb
picoeuk	4.98905260423035				106.97244600376061		5	7b122867-d6a2-46e0-a1cf-a05f8efbfafb
picoeuk	105.09131974134071				22.606657589135363		6	7b122867-d6a2-46e0-a1cf-a05f8efbfafb
picoeuk	3930.6859691786926				798.177076862615		7	7b122867-d6a2-46e0-a1cf-a05f8efbfafb
synecho	39.19553988340557			999.9472580877942			1	7b122867-d6a2-46e0-a1cf-a05f8efbfafb
synecho	19.968554416204466			811.4454611449884			2	7b122867-d6a2-46e0-a1cf-a05f8efbfafb
synecho	6.5763574404493195			493.0931579593482			3	7b122867-d6a2-46e0-a1cf-a05f8efbfafb
synecho	3.357778262576032			270.2615606021326			4	7b122867-d6a2-46e0-a1cf-a05f8efbfafb
synecho	2.144503341348418			107.61786902247991			5	7b122867-d6a2-46e0-a1cf-a05f8efbfafb
synecho	2.041398057844776			25.34000339482279			6	7b122867-d6a2-46e0-a1cf-a05f8efbfafb
synecho	3.194824015328833			9.628041672439767			7	7b122867-d6a2-46e0-a1cf-a05f8efbfafb
synecho	6.523530245722208			6.814757469374785			8	7b122867-d6a2-46e0-a1cf-a05f8efbfafb
synecho	12.933009796236801			6.074760297732028			9	7b122867-d6a2-46e0-a1cf-a05f8efbfafb
synecho	35.34908376691371			5.892881134894748			10	7b122867-d6a2-46e0-a1cf-a05f8efbfafb
synecho	80.94187659240325			7.753696517936475			11	7b122867-d6a2-46e0-a1cf-a05f8efbfafb
synecho	134.1602029710765			14.483784501256583			12	7b122867-d6a2-46e0-a1cf-a05f8efbfafb
synecho	260.8777407971719			33.17265129038858			13	7b122867-d6a2-46e0-a1cf-a05f8efbfafb
synecho	392.7397865224441			72.19124728438524			14	7b122867-d6a2-46e0-a1cf-a05f8efbfafb
synecho	507.2486598426345			133.9503231257962			15	7b122867-d6a2-46e0-a1cf-a05f8efbfafb
synecho	537.2563255684721			198.71209846167528			16	7b122867-d6a2-46e0-a1cf-a05f8efbfafb
synecho	434.14902228707723			322.9634683482562			17	7b122867-d6a2-46e0-a1cf-a05f8efbfafb
synecho	327.05175268173986			479.2060016248558			18	7b122867-d6a2-46e0-a1cf-a05f8efbfafb
synecho	173.42338108004355			713.231270367952			19	7b122867-d6a2-46e0-a1cf-a05f8efbfafb
synecho	66.50537991911068			1032.9429056470904			20	7b122867-d6a2-46e0-a1cf-a05f8efbfafb
beads				2678.0904302753224	49.680336522449586		1	7f3551b4-b91e-4a59-8e54-93657fd5f7f7
beads				1940.1431920319437	35.66070754343359		2	7f3551b4-b91e-4a59-8e54-93657fd5f7f7
beads				1208.787926962517	28.684394427421566		3	7f3551b4-b91e-4a59-8e54-93657fd5f7f7
beads				800.6289023821972	28.623220256708876		4	7f3551b4-b91e-4a59-8e54-93657fd5f7f7
beads				612.6026899106781	40.12827519992074		5	7f3551b4-b91e-4a59-8e54-93657fd5f7f7
beads				656.4732212819238	60.28044609602503		6	7f3551b4-b91e-4a59-8e54-93657fd5f7f7
beads				872.921578228455	81.65819588352952		7	7f3551b4-b91e-4a59-8e54-93657fd5f7f7
beads				1311.6529259134488	101.68694523250844		8	7f3551b4-b91e-4a59-8e54-93657fd5f7f7
beads				2157.754931199816	141.75533212466055		9	7f3551b4-b91e-4a59-8e54-93657fd5f7f7
beads				2752.1538376380086	172.5031479360132		10	7f3551b4-b91e-4a59-8e54-93657fd5f7f7
beads				3486.935997460034	219.79919244001303		11	7f3551b4-b91e-4a59-8e54-93657fd5f7f7
beads				3736.0140854467545	214.05093197773124		12	7f3551b4-b91e-4a59-8e54-93657fd5f7f7
beads				3812.49674443715	64.63236547323257		13	7f3551b4-b91e-4a59-8e54-93657fd5f7f7
croco				1364.4105114962802	1378.1471844953069		1	7f3551b4-b91e-4a59-8e54-93657fd5f7f7
croco				853.424748530922	645.5038023212761		2	7f3551b4-b91e-4a59-8e54-93657fd5f7f7
croco				283.51113940959505	291.53047903279725		3	7f3551b4-b91e-4a59-8e54-93657fd5f7f7
croco				192.04098495404742	307.5911572064206		4	7f3551b4-b91e-4a59-8e54-93657fd5f7f7
croco				175.21473051173356	573.9416438359747		5	7f3551b4-b91e-4a59-8e54-93657fd5f7f7
croco				208.2859343724099	824.9711171757461		6	7f3551b4-b91e-4a59-8e54-93657fd5f7f7
croco				335.1365805284813	1475.1579017443398		7	7f3551b4-b91e-4a59-8e54-93657fd5f7f7
croco				716.8693359310632	2540.951061851363		8	7f3551b4-b91e-4a59-8e54-93657fd5f7f7
croco				1169.258341018249	2364.455586292656		9	7f3551b4-b91e-4a59-8e54-93657fd5f7f7
picoeuk	3282.2602936160947				3824.427890263323		1	7f3551b4-b91e-4a59-8e54-93657fd5f7f7
picoeuk	13.306745653377295				3765.1608222547343		2	7f3551b4-b91e-4a59-8e54-93657fd5f7f7
picoeuk	1.6821374386965837				1144.4858360860574		3	7f3551b4-b91e-4a59-8e54-93657fd5f7f7
picoeuk	3.6290175624240395				88.09718506951144		4	7f3551b4-b91e-4a59-8e54-93657fd5f7f7
picoeuk	46.36081831168256				20.726821970627576		5	7f3551b4-b91e-4a59-8e54-93657fd5f7f7
picoeuk	3743.446609174459				1070.004157501304		6	7f3551b4-b91e-4a59-8e54-93657fd5f7f7
synecho	13.934535572026446			707.9576446097846			1	7f3551b4-b91e-4a59-8e54-93657fd5f7f7
synecho	3.6964975603611006			277.7451385151157			2	7f3551b4-b91e-4a59-8e54-93657fd5f7f7
synecho	2.3799501894270527			101.03705487993938			3	7f3551b4-b91e-4a59-8e54-93657fd5f7f7
synecho	2.0904729923324314			49.490122105377864			4	7f3551b4-b91e-4a59-8e54-93657fd5f7f7
synecho	1.7565922321228007			27.42007665036217			5	7f3551b4-b91e-4a59-8e54-93657fd5f7f7
synecho	1.7638695982675658			18.8256598719082			6	7f3551b4-b91e-4a59-8e54-93657fd5f7f7
synecho	2.421768280689459			10.684026332130722			7	7f3551b4-b91e-4a59-8e54-93657fd5f7f7
synecho	3.7597919814708405			7.302290150923555			8	7f3551b4-b91e-4a59-8e54-93657fd5f7f7
synecho	7.025375298595108			5.941809379087493			9	7f3551b4-b91e-4a59-8e54-93657fd5f7f7
synecho	13.318629899398832			5.740713658511532			10	7f3551b4-b91e-4a59-8e54-93657fd5f7f7
synecho	43.386965104876296			7.838236285782385			11	7f3551b4-b91e-4a59-8e54-93657fd5f7f7
synecho	62.65690755268967			10.832772669785346			12	7f3551b4-b91e-4a59-8e54-93657fd5f7f7
synecho	99.38058606781829			22.165275201597613			13	7f3551b4-b91e-4a59-8e54-93657fd5f7f7
synecho	177.3879533107732			40.960595858872225			14	7f3551b4-b91e-4a59-8e54-93657fd5f7f7
synecho	219.50889105194588			76.45673357276821			15	7f3551b4-b91e-4a59-8e54-93657fd5f7f7
synecho	219.5684087797839			138.92475401349523			16	7f3551b4-b91e-4a59-8e54-93657fd5f7f7
synecho	210.15528601206995			249.2185551965381			17	7f3551b4-b91e-4a59-8e54-93657fd5f7f7
synecho	191.75407327518602			472.20971494961015			18	7f3551b4-b91e-4a59-8e54-93657fd5f7f7
synecho	105.25614631762267			796.0837312020931			19	7f3551b4-b91e-4a59-8e54-93657fd5f7f7
synecho	32.4556591826262			1043.4270425134355			20	7f3551b4-b91e-4a59-8e54-93657fd5f7f7
synecho	16.981770432722424			909.2743103026539			21	7f3551b4-b91e-4a59-8e54-93657fd5f7f7
beads				3177.3097961161857	77.48494328735698		1	951aa7e2-e11a-461c-8c59-f60b09aaf2f1
beads				1531.2040867044286	29.23988814864824		2	951aa7e2-e11a-461c-8c59-f60b09aaf2f1
beads				826.9074419574265	19.80747785098111		3	951aa7e2-e11a-461c-8c59-f60b09aaf2f1
beads				591.3684296301167	24.389811194818705		4	951aa7e2-e11a-461c-8c59-f60b09aaf2f1
beads				627.2658025958599	33.91858367563146		5	951aa7e2-e11a-461c-8c59-f60b09aaf2f1
beads				686.0402126909994	46.67085226161567		6	951aa7e2-e11a-461c-8c59-f60b09aaf2f1
beads				928.2032212065875	74.52334919963309		7	951aa7e2-e11a-461c-8c59-f60b09aaf2f1
beads				1502.0127648522869	112.18777171504227		8	951aa7e2-e11a-461c-8c59-f60b09aaf2f1
beads				2370.6760087070506	159.55766794135366		9	951aa7e2-e11a-461c-8c59-f60b09aaf2f1
beads				3111.143807222092	186.25262083880165		10	951aa7e2-e11a-461c-8c59-f60b09aaf2f1
beads				3799.985140461626	190.19439588531233		11	951aa7e2-e11a-461c-8c59-f60b09aaf2f1
beads				3886.9870127937315	107.05479926067184		12	951aa7e2-e11a-461c-8c59-f60b09aaf2f1
croco				1808.3252268994281	1539.6149615025051		1	951aa7e2-e11a-461c-8c59-f60b09aaf2f1
croco				1990.8294198895912	919.2125424114201		2	951aa7e2-e11a-461c-8c59-f60b09aaf2f1
croco				1085.9190913154355	504.7088442926571		3	951aa7e2-e11a-461c-8c59-f60b09aaf2f1
croco				446.946868118383	348.52778887808404		4	951aa7e2-e11a-461c-8c59-f60b09aaf2f1
croco				345.32761715168436	387.3956800663733		5	951aa7e2-e11a-461c-8c59-f60b09aaf2f1
croco				320.30365183689963	637.5197521952141		6	951aa7e2-e11a-461c-8c59-f60b09aaf2f1
croco				465.9073841540404	1115.3415607850416		7	951aa7e2-e11a-461c-8c59-f60b09aaf2f1
croco				673.7832158361286	1681.8147576667004		8	951aa7e2-e11a-461c-8c59-f60b09aaf2f1
croco				1244.6357156942656	2021.0811602343072		9	951aa7e2-e11a-461c-8c59-f60b09aaf2f1
picoeuk	3627.4994180475264				3783.4095863736416		1	951aa7e2-e11a-461c-8c59-f60b09aaf2f1
picoeuk	12.394089052376696				3868.4585063993018		2	951aa7e2-e11a-461c-8c59-f60b09aaf2f1
picoeuk	2.2237656186665				1116.6735441702056		3	951aa7e2-e11a-461c-8c59-f60b09aaf2f1
picoeuk	2.7245206423526054				57.87396768607823		4	951aa7e2-e11a-461c-8c59-f60b09aaf2f1
picoeuk	10.083594495129962				7.5537345694458145		5	951aa7e2-e11a-461c-8c59-f60b09aaf2f1
picoeuk	3680.371515551672				194.69933298297005		6	951aa7e2-e11a-461c-8c59-f60b09aaf2f1
synecho	85.0098554248038			675.2228563276391			1	951aa7e2-e11a-461c-8c59-f60b09aaf2f1
synecho	19.129977460445204			810.401201002804			2	951aa7e2-e11a-461c-8c59-f60b09aaf2f1
synecho	6.233289192437586			629.7577799549869			3	951aa7e2-e11a-461c-8c59-f60b09aaf2f1
synecho	2.667151010477199			345.4943353024494			4	951aa7e2-e11a-461c-8c59-f60b09aaf2f1
synecho	1.6311685003924536			94.98410734120266			5	951aa7e2-e11a-461c-8c59-f60b09aaf2f1
synecho	1.4035007599160563			37.02615001652219			6	951aa7e2-e11a-461c-8c59-f60b09aaf2f1
synecho	2.103976370498341			12.807314262620013			7	951aa7e2-e11a-461c-8c59-f60b09aaf2f1
synecho	4.200674142737571			6.33353545954121			8	951aa7e2-e11a-461c-8c59-f60b09aaf2f1
synecho	14.13763639673608			6.92275968234236			9	951aa7e2-e11a-461c-8c59-f60b09aaf2f1
synecho	36.15963767476759			7.205927416707094			10	951aa7e2-e11a-461c-8c59-f60b09aaf2f1
synecho	81.7855876984754			10.393689591683753			11	951aa7e2-e11a-461c-8c59-f60b09aaf2f1
synecho	136.56380197561342			18.854390113228174			12	951aa7e2-e11a-461c-8c59-f60b09aaf2f1
synecho	279.33279315484225			40.4488452871567			13	951aa7e2-e11a-461c-8c59-f60b09aaf2f1
synecho	452.7504694034285			64.97010674123929			14	951aa7e2-e11a-461c-8c59-f60b09aaf2f1
synecho	530.8857027693804			110.20125354727212			15	951aa7e2-e11a-461c-8c59-f60b09aaf2f1
synecho	453.5028905347815			203.39948451131545			16	951aa7e2-e11a-461c-8c59-f60b09aaf2f1
synecho	270.6666741853288			334.9912191040097			17	951aa7e2-e11a-461c-8c59-f60b09aaf2f1
synecho	140.73103785786216			490.759309923162			18	951aa7e2-e11a-461c-8c59-f60b09aaf2f1
beads				3177.3097961161857	77.48494328735698		1	96e46d46-f65c-4171-91dd-84a779efb73d
beads				1531.2040867044286	29.23988814864824		2	96e46d46-f65c-4171-91dd-84a779efb73d
beads				826.9074419574265	19.80747785098111		3	96e46d46-f65c-4171-91dd-84a779efb73d
beads				591.3684296301167	24.389811194818705		4	96e46d46-f65c-4171-91dd-84a779efb73d
beads				627.2658025958599	33.91858367563146		5	96e46d46-f65c-4171-91dd-84a779efb73d
beads				686.0402126909994	46.67085226161567		6	96e46d46-f65c-4171-91dd-84a779efb73d
beads				928.2032212065875	74.52334919963309		7	96e46d46-f65c-4171-91dd-84a779efb73d
beads				1502.0127648522869	112.18777171504227		8	96e46d46-f65c-4171-91dd-84a779efb73d
beads				2370.6760087070506	159.55766794135366		9	96e46d46-f65c-4171-91dd-84a779efb73d
beads				3111.143807222092	186.25262083880165		10	96e46d46-f65c-4171-91dd-84a779efb73d
beads				3799.985140461626	190.19439588531233		11	96e46d46-f65c-4171-91dd-84a779efb73d
beads				3886.9870127937315	107.05479926067184		12	96e46d46-f65c-4171-91dd-84a779efb73d
croco				1808.3252268994281	1539.6149615025051		1	96e46d46-f65c-4171-91dd-84a779efb73d
croco				1990.8294198895912	919.2125424114201		2	96e46d46-f65c-4171-91dd-84a779efb73d
croco				1085.9190913154355	504.7088442926571		3	96e46d46-f65c-4171-91dd-84a779efb73d
croco				446.946868118383	348.52778887808404		4	96e46d46-f65c-4171-91dd-84a779efb73d
croco				345.32761715168436	387.3956800663733		5	96e46d46-f65c-4171-91dd-84a779efb73d
croco				320.30365183689963	637.5197521952141		6	96e46d46-f65c-4171-91dd-84a779efb73d
croco				465.9073841540404	1115.3415607850416		7	96e46d46-f65c-4171-91dd-84a779efb73d
croco				673.7832158361286	1681.8147576667004		8	96e46d46-f65c-4171-91dd-84a779efb73d
croco				1244.6357156942656	2021.0811602343072		9	96e46d46-f65c-4171-91dd-84a779efb73d
picoeuk	3364.986596053676				3637.1429158747533		1	96e46d46-f65c-4171-91dd-84a779efb73d
picoeuk	6.551619840057206				3581.8706641453327		2	96e46d46-f65c-4171-91dd-84a779efb73d
picoeuk	1.9745410057132804				649.6443284261875		3	96e46d46-f65c-4171-91dd-84a779efb73d
picoeuk	2.5374104587961392				98.09520402889147		4	96e46d46-f65c-4171-91dd-84a779efb73d
picoeuk	45.88247041286382				20.21233157248732		5	96e46d46-f65c-4171-91dd-84a779efb73d
picoeuk	3371.9738547534325				1581.2920873460946		6	96e46d46-f65c-4171-91dd-84a779efb73d
synecho	85.0098554248038			675.2228563276391			1	96e46d46-f65c-4171-91dd-84a779efb73d
synecho	19.129977460445204			810.401201002804			2	96e46d46-f65c-4171-91dd-84a779efb73d
synecho	6.233289192437586			629.7577799549869			3	96e46d46-f65c-4171-91dd-84a779efb73d
synecho	2.667151010477199			345.4943353024494			4	96e46d46-f65c-4171-91dd-84a779efb73d
synecho	1.6311685003924536			94.98410734120266			5	96e46d46-f65c-4171-91dd-84a779efb73d
synecho	1.4035007599160563			37.02615001652219			6	96e46d46-f65c-4171-91dd-84a779efb73d
synecho	2.103976370498341			12.807314262620013			7	96e46d46-f65c-4171-91dd-84a779efb73d
synecho	4.200674142737571			6.33353545954121			8	96e46d46-f65c-4171-91dd-84a779efb73d
synecho	14.13763639673608			6.92275968234236			9	96e46d46-f65c-4171-91dd-84a779efb73d
synecho	36.15963767476759			7.205927416707094			10	96e46d46-f65c-4171-91dd-84a779efb73d
synecho	81.7855876984754			10.393689591683753			11	96e46d46-f65c-4171-91dd-84a779efb73d
synecho	136.56380197561342			18.854390113228174			12	96e46d46-f65c-4171-91dd-84a779efb73d
synecho	279.33279315484225			40.4488452871567			13	96e46d46-f65c-4171-91dd-84a779efb73d
synecho	452.7504694034285			64.97010674123929			14	96e46d46-f65c-4171-91dd-84a779efb73d
synecho	530.8857027693804			110.20125354727212			15	96e46d46-f65c-4171-91dd-84a779efb73d
synecho	453.5028905347815			203.39948451131545			16	96e46d46-f65c-4171-91dd-84a779efb73d
synecho	270.6666741853288			334.9912191040097			17	96e46d46-f65c-4171-91dd-84a779efb73d
synecho	140.73103785786216			490.759309923162			18	96e46d46-f65c-4171-91dd-84a779efb73d
beads				3518.748494366643	60.92530417997222		1	ac32d7d1-0e7b-4a10-b2bd-9472d612d5c1
beads				1925.536762576415	29.759712417009556		2	ac32d7d1-0e7b-4a10-b2bd-9472d612d5c1
beads				1061.2934443026145	24.553180514265897		3	ac32d7d1-0e7b-4a10-b2bd-9472d612d5c1
beads				730.451510839405	31.441284129094058		4	ac32d7d1-0e7b-4a10-b2bd-9472d612d5c1
beads				729.1407523490328	41.37942145015033		5	ac32d7d1-0e7b-4a10-b2bd-9472d612d5c1
beads				834.0275382409488	56.99270103271968		6	ac32d7d1-0e7b-4a10-b2bd-9472d612d5c1
beads				1260.579370784793	78.63562948147693		7	ac32d7d1-0e7b-4a10-b2bd-9472d612d5c1
beads				2034.4081038857478	123.41696672305363		8	ac32d7d1-0e7b-4a10-b2bd-9472d612d5c1
beads				2658.9193156942188	179.01845635573844		9	ac32d7d1-0e7b-4a10-b2bd-9472d612d5c1
beads				2957.551814909437	226.0386086097143		10	ac32d7d1-0e7b-4a10-b2bd-9472d612d5c1
beads				3254.0226955845346	264.88650508308604		11	ac32d7d1-0e7b-4a10-b2bd-9472d612d5c1
beads				3763.3337530163412	260.5596727738817		12	ac32d7d1-0e7b-4a10-b2bd-9472d612d5c1
croco				1537.0624497133656	2051.642753379407		1	ac32d7d1-0e7b-4a10-b2bd-9472d612d5c1
croco				1468.8538204058652	1320.2084304358643		2	ac32d7d1-0e7b-4a10-b2bd-9472d612d5c1
croco				881.0409265200199	589.2335435448828		3	ac32d7d1-0e7b-4a10-b2bd-9472d612d5c1
croco				481.4241606860675	465.3164447190426		4	ac32d7d1-0e7b-4a10-b2bd-9472d612d5c1
croco				251.74227374985878	367.34730734241924		5	ac32d7d1-0e7b-4a10-b2bd-9472d612d5c1
croco				184.38312523746734	449.13902302715115		6	ac32d7d1-0e7b-4a10-b2bd-9472d612d5c1
croco				183.74304388752924	962.6608803792564		7	ac32d7d1-0e7b-4a10-b2bd-9472d612d5c1
croco				227.8706421249202	1414.8660543590852		8	ac32d7d1-0e7b-4a10-b2bd-9472d612d5c1
croco				426.85267149580307	2467.7705296224303		9	ac32d7d1-0e7b-4a10-b2bd-9472d612d5c1
croco				1032.4888599522183	2846.8076731732563		10	ac32d7d1-0e7b-4a10-b2bd-9472d612d5c1
picoeuk	3745.2741272359285				3826.5283883130783		1	ac32d7d1-0e7b-4a10-b2bd-9472d612d5c1
picoeuk	12.774564726851183				3718.3637746699164		2	ac32d7d1-0e7b-4a10-b2bd-9472d612d5c1
picoeuk	2.065349823297529				1149.173615839472		3	ac32d7d1-0e7b-4a10-b2bd-9472d612d5c1
picoeuk	3.3920178519815494				86.17812060218782		4	ac32d7d1-0e7b-4a10-b2bd-9472d612d5c1
picoeuk	53.71704955369591				15.723867163640229		5	ac32d7d1-0e7b-4a10-b2bd-9472d612d5c1
picoeuk	3614.4024802613503				538.0261417785196		6	ac32d7d1-0e7b-4a10-b2bd-9472d612d5c1
synecho	23.16452215130233			874.1352638201666			1	ac32d7d1-0e7b-4a10-b2bd-9472d612d5c1
synecho	6.880240834989034			542.8160366077129			2	ac32d7d1-0e7b-4a10-b2bd-9472d612d5c1
synecho	3.1108502214154226			177.4949872475387			3	ac32d7d1-0e7b-4a10-b2bd-9472d612d5c1
synecho	2.175317894804153			60.08832301793954			4	ac32d7d1-0e7b-4a10-b2bd-9472d612d5c1
synecho	2.100841532064715			25.78700012877038			5	ac32d7d1-0e7b-4a10-b2bd-9472d612d5c1
synecho	3.0213946883951954			10.857396347957096			6	ac32d7d1-0e7b-4a10-b2bd-9472d612d5c1
synecho	5.119113316228527			6.782732544488473			7	ac32d7d1-0e7b-4a10-b2bd-9472d612d5c1
synecho	8.683252197411072			6.1727080420653655			8	ac32d7d1-0e7b-4a10-b2bd-9472d612d5c1
synecho	19.165665879317473			6.105925008221448			9	ac32d7d1-0e7b-4a10-b2bd-9472d612d5c1
synecho	35.27130542837597			8.357253609721019			10	ac32d7d1-0e7b-4a10-b2bd-9472d612d5c1
synecho	77.74270007743463			21.802474003956878			11	ac32d7d1-0e7b-4a10-b2bd-9472d612d5c1
synecho	139.4587088710975			58.78718628223598			12	ac32d7d1-0e7b-4a10-b2bd-9472d612d5c1
synecho	166.56893155088815			107.8003710728213			13	ac32d7d1-0e7b-4a10-b2bd-9472d612d5c1
synecho	166.8796784826391			227.08123230197828			14	ac32d7d1-0e7b-4a10-b2bd-9472d612d5c1
synecho	129.90108765591137			400.505593990238			15	ac32d7d1-0e7b-4a10-b2bd-9472d612d5c1
synecho	70.16095272942033			658.344592502615			16	ac32d7d1-0e7b-4a10-b2bd-9472d612d5c1
synecho	45.345686622026854			762.4455642642469			17	ac32d7d1-0e7b-4a10-b2bd-9472d612d5c1
beads				3098.8328836013634	72.40979744310798		1	afb22bbf-df77-449a-bd8f-b9739e36a3e9
beads				1686.4657790141478	41.91998900946427		2	afb22bbf-df77-449a-bd8f-b9739e36a3e9
beads				1085.1507241470551	31.37848356177675		3	afb22bbf-df77-449a-bd8f-b9739e36a3e9
beads				796.677460801067	30.264153897923983		4	afb22bbf-df77-449a-bd8f-b9739e36a3e9
beads				672.687733965172	33.870341893649076		5	afb22bbf-df77-449a-bd8f-b9739e36a3e9
beads				646.1439679483316	45.765593852970895		6	afb22bbf-df77-449a-bd8f-b9739e36a3e9
beads				709.8073821550682	61.49781636645025		7	afb22bbf-df77-449a-bd8f-b9739e36a3e9
beads				1089.12954301855	90.84798261794015		8	afb22bbf-df77-449a-bd8f-b9739e36a3e9
beads				1514.2272960967084	116.07833721587237		9	afb22bbf-df77-449a-bd8f-b9739e36a3e9
beads				2080.2109469803895	144.03119347076017		10	afb22bbf-df77-449a-bd8f-b9739e36a3e9
beads				2722.9316511103266	189.14029866037342		11	afb22bbf-df77-449a-bd8f-b9739e36a3e9
beads				3065.202481637555	246.507201906475		12	afb22bbf-df77-449a-bd8f-b9739e36a3e9
beads				3460.8017668994316	255.6182729044479		13	afb22bbf-df77-449a-bd8f-b9739e36a3e9
beads				3913.420899320173	100.17517995918561		14	afb22bbf-df77-449a-bd8f-b9739e36a3e9
croco				3783.281376529881	297.3551322951826		1	afb22bbf-df77-449a-bd8f-b9739e36a3e9
croco				2535.545634122759	205.3400433552514		2	afb22bbf-df77-449a-bd8f-b9739e36a3e9
croco				1506.3455141100342	133.33982042576523		3	afb22bbf-df77-449a-bd8f-b9739e36a3e9
croco				1093.567565467352	83.99614119670035		4	afb22bbf-df77-449a-bd8f-b9739e36a3e9
croco				734.6468557945633	60.45638151449932		5	afb22bbf-df77-449a-bd8f-b9739e36a3e9
croco				491.64153592704105	62.97834976412493		6	afb22bbf-df77-449a-bd8f-b9739e36a3e9
croco				444.13114326113947	89.6612842498395		7	afb22bbf-df77-449a-bd8f-b9739e36a3e9
croco				485.07152148730563	129.9759446152002		8	afb22bbf-df77-449a-bd8f-b9739e36a3e9
croco				686.3425097772662	268.89307661506933		9	afb22bbf-df77-449a-bd8f-b9739e36a3e9
croco				1133.6791676303808	536.474015394828		10	afb22bbf-df77-449a-bd8f-b9739e36a3e9
croco				1972.3610489182306	871.4791914387265		11	afb22bbf-df77-449a-bd8f-b9739e36a3e9
croco				3766.1404962675897	1221.2720396905015		12	afb22bbf-df77-449a-bd8f-b9739e36a3e9
picoeuk	3782.409659483744				3915.145310970266		1	afb22bbf-df77-449a-bd8f-b9739e36a3e9
picoeuk	3782.409659483744				3915.145310970266		2	afb22bbf-df77-449a-bd8f-b9739e36a3e9
picoeuk	8.95519826339928				3506.3690298941365		3	afb22bbf-df77-449a-bd8f-b9739e36a3e9
picoeuk	2.2580135159809447				1504.763888957291		4	afb22bbf-df77-449a-bd8f-b9739e36a3e9
picoeuk	3.2678597876356563				50.69188146165942		5	afb22bbf-df77-449a-bd8f-b9739e36a3e9
picoeuk	22.475542593365912				7.330058298582443		6	afb22bbf-df77-449a-bd8f-b9739e36a3e9
picoeuk	3930.3262918321093				131.4011078889292		7	afb22bbf-df77-449a-bd8f-b9739e36a3e9
synecho	39.19553988340557			999.9472580877942			1	afb22bbf-df77-449a-bd8f-b9739e36a3e9
synecho	19.968554416204466			811.4454611449884			2	afb22bbf-df77-449a-bd8f-b9739e36a3e9
synecho	6.5763574404493195			493.0931579593482			3	afb22bbf-df77-449a-bd8f-b9739e36a3e9
synecho	3.357778262576032			270.2615606021326			4	afb22bbf-df77-449a-bd8f-b9739e36a3e9
synecho	2.144503341348418			107.61786902247991			5	afb22bbf-df77-449a-bd8f-b9739e36a3e9
synecho	2.041398057844776			25.34000339482279			6	afb22bbf-df77-449a-bd8f-b9739e36a3e9
synecho	3.194824015328833			9.628041672439767			7	afb22bbf-df77-449a-bd8f-b9739e36a3e9
synecho	6.523530245722208			6.814757469374785			8	afb22bbf-df77-449a-bd8f-b9739e36a3e9
synecho	12.933009796236801			6.074760297732028			9	afb22bbf-df77-449a-bd8f-b9739e36a3e9
synecho	35.34908376691371			5.892881134894748			10	afb22bbf-df77-449a-bd8f-b9739e36a3e9
synecho	80.94187659240325			7.753696517936475			11	afb22bbf-df77-449a-bd8f-b9739e36a3e9
synecho	134.1602029710765			14.483784501256583			12	afb22bbf-df77-449a-bd8f-b9739e36a3e9
synecho	260.8777407971719			33.17265129038858			13	afb22bbf-df77-449a-bd8f-b9739e36a3e9
synecho	392.7397865224441			72.19124728438524			14	afb22bbf-df77-449a-bd8f-b9739e36a3e9
synecho	507.2486598426345			133.9503231257962			15	afb22bbf-df77-449a-bd8f-b9739e36a3e9
synecho	537.2563255684721			198.71209846167528			16	afb22bbf-df77-449a-bd8f-b9739e36a3e9
synecho	434.14902228707723			322.9634683482562			17	afb22bbf-df77-449a-bd8f-b9739e36a3e9
synecho	327.05175268173986			479.2060016248558			18	afb22bbf-df77-449a-bd8f-b9739e36a3e9
synecho	173.42338108004355			713.231270367952			19	afb22bbf-df77-449a-bd8f-b9739e36a3e9
synecho	66.50537991911068			1032.9429056470904			20	afb22bbf-df77-449a-bd8f-b9739e36a3e9
beads				3665.9075224476105	77.12342799412563		1	c6a14e7c-6bdf-4e7e-bfe3-231492d31d6b
beads				2783.3869348379976	59.179353716496045		2	c6a14e7c-6bdf-4e7e-bfe3-231492d31d6b
beads				1981.9422629107855	53.52937077324362		3	c6a14e7c-6bdf-4e7e-bfe3-231492d31d6b
beads				1483.6491930635843	68.94710595134134		4	c6a14e7c-6bdf-4e7e-bfe3-231492d31d6b
beads				1706.7033504643264	89.38218329013354		5	c6a14e7c-6bdf-4e7e-bfe3-231492d31d6b
beads				2264.2803232152296	109.64695920521376		6	c6a14e7c-6bdf-4e7e-bfe3-231492d31d6b
beads				2638.365050103834	127.70127751655497		7	c6a14e7c-6bdf-4e7e-bfe3-231492d31d6b
beads				3401.848952137316	157.02582720638927		8	c6a14e7c-6bdf-4e7e-bfe3-231492d31d6b
beads				3877.9088095765983	163.27164268394273		9	c6a14e7c-6bdf-4e7e-bfe3-231492d31d6b
croco				1730.1889052933966	1322.788376000359		1	c6a14e7c-6bdf-4e7e-bfe3-231492d31d6b
croco				1148.4026650244264	611.351489266031		2	c6a14e7c-6bdf-4e7e-bfe3-231492d31d6b
croco				726.6889985500205	338.7586007475883		3	c6a14e7c-6bdf-4e7e-bfe3-231492d31d6b
croco				445.9118922350618	284.84954581167773		4	c6a14e7c-6bdf-4e7e-bfe3-231492d31d6b
croco				309.73419556925137	397.6687888650898		5	c6a14e7c-6bdf-4e7e-bfe3-231492d31d6b
croco				296.64024515039677	816.0607252635772		6	c6a14e7c-6bdf-4e7e-bfe3-231492d31d6b
croco				382.52947549875995	1247.767907488006		7	c6a14e7c-6bdf-4e7e-bfe3-231492d31d6b
croco				638.7189425556785	1896.2498424546884		8	c6a14e7c-6bdf-4e7e-bfe3-231492d31d6b
croco				1317.2961693099141	2245.787378794926		9	c6a14e7c-6bdf-4e7e-bfe3-231492d31d6b
picoeuk	3626.6390203264336				3910.7694412713904		1	c6a14e7c-6bdf-4e7e-bfe3-231492d31d6b
picoeuk	3626.6390203264336				3910.7694412713904		2	c6a14e7c-6bdf-4e7e-bfe3-231492d31d6b
picoeuk	12.190396374564004				3877.7773974016163		3	c6a14e7c-6bdf-4e7e-bfe3-231492d31d6b
picoeuk	2.223238169134457				1125.6781584931239		4	c6a14e7c-6bdf-4e7e-bfe3-231492d31d6b
picoeuk	2.3821287804057376				44.920193212359464		5	c6a14e7c-6bdf-4e7e-bfe3-231492d31d6b
picoeuk	29.033525873562336				8.44923299312909		6	c6a14e7c-6bdf-4e7e-bfe3-231492d31d6b
picoeuk	3925.2683017528357				76.45155182358067		7	c6a14e7c-6bdf-4e7e-bfe3-231492d31d6b
synecho	29.32423437168793			683.7888105186556			1	c6a14e7c-6bdf-4e7e-bfe3-231492d31d6b
synecho	7.02561337823544			316.49520969722334			2	c6a14e7c-6bdf-4e7e-bfe3-231492d31d6b
synecho	3.0987504730457776			67.22093039334077			3	c6a14e7c-6bdf-4e7e-bfe3-231492d31d6b
synecho	3.0629404570709884			29.547478542232167			4	c6a14e7c-6bdf-4e7e-bfe3-231492d31d6b
synecho	3.402565529355229			15.625510170899966			5	c6a14e7c-6bdf-4e7e-bfe3-231492d31d6b
synecho	7.117393749817755			6.6828004340797245			6	c6a14e7c-6bdf-4e7e-bfe3-231492d31d6b
synecho	10.286188013477238			5.821623990715682			7	c6a14e7c-6bdf-4e7e-bfe3-231492d31d6b
synecho	15.88455543217742			6.048877084067192			8	c6a14e7c-6bdf-4e7e-bfe3-231492d31d6b
synecho	33.06625250636711			6.954267321241455			9	c6a14e7c-6bdf-4e7e-bfe3-231492d31d6b
synecho	51.47467303309194			11.49462998064883			10	c6a14e7c-6bdf-4e7e-bfe3-231492d31d6b
synecho	92.96577352307307			35.61940191232925			11	c6a14e7c-6bdf-4e7e-bfe3-231492d31d6b
synecho	108.11573147012152			62.20163246694528			12	c6a14e7c-6bdf-4e7e-bfe3-231492d31d6b
synecho	104.60187577823571			143.99117566768217			13	c6a14e7c-6bdf-4e7e-bfe3-231492d31d6b
synecho	95.1168150973303			424.9899596185716			14	c6a14e7c-6bdf-4e7e-bfe3-231492d31d6b
synecho	55.817202749194614			785.0195677905435			15	c6a14e7c-6bdf-4e7e-bfe3-231492d31d6b
synecho	32.48096573017167			834.4233209542247			16	c6a14e7c-6bdf-4e7e-bfe3-231492d31d6b
beads				3665.9075224476105	77.12342799412563		1	cacbe1fc-e287-490e-a514-9ec09269c405
beads				2783.3869348379976	59.179353716496045		2	cacbe1fc-e287-490e-a514-9ec09269c405
beads				1981.9422629107855	53.52937077324362		3	cacbe1fc-e287-490e-a514-9ec09269c405
beads				1483.6491930635843	68.94710595134134		4	cacbe1fc-e287-490e-a514-9ec09269c405
beads				1706.7033504643264	89.38218329013354		5	cacbe1fc-e287-490e-a514-9ec09269c405
beads				2264.2803232152296	109.64695920521376		6	cacbe1fc-e287-490e-a514-9ec09269c405
beads				2638.365050103834	127.70127751655497		7	cacbe1fc-e287-490e-a514-9ec09269c405
beads				3401.848952137316	157.02582720638927		8	cacbe1fc-e287-490e-a514-9ec09269c405
beads				3877.9088095765983	163.27164268394273		9	cacbe1fc-e287-490e-a514-9ec09269c405
croco				3515.0538963658914	919.9112197597415		1	cacbe1fc-e287-490e-a514-9ec09269c405
croco				3515.0538963658914	919.9112197597415		2	cacbe1fc-e287-490e-a514-9ec09269c405
croco				3897.1428545596045	84.04454491552549		3	cacbe1fc-e287-490e-a514-9ec09269c405
croco				2078.4493408948074	44.735164791266826		4	cacbe1fc-e287-490e-a514-9ec09269c405
croco				857.441436455462	31.482865353351265		5	cacbe1fc-e287-490e-a514-9ec09269c405
croco				235.09159017016032	29.156772579991983		6	cacbe1fc-e287-490e-a514-9ec09269c405
croco				183.44508317939824	37.997546600230876		7	cacbe1fc-e287-490e-a514-9ec09269c405
croco				166.08307030093417	70.40866054746976		8	cacbe1fc-e287-490e-a514-9ec09269c405
croco				205.1161004009574	199.93604330599186		9	cacbe1fc-e287-490e-a514-9ec09269c405
croco				292.5157786777241	448.0950195258983		10	cacbe1fc-e287-490e-a514-9ec09269c405
croco				492.7089795592996	684.9298329768797		11	cacbe1fc-e287-490e-a514-9ec09269c405
croco				962.2167200872877	897.5246825111199		12	cacbe1fc-e287-490e-a514-9ec09269c405
croco				1721.573952765218	1102.7669700303109		13	cacbe1fc-e287-490e-a514-9ec09269c405
croco				2954.0460059399497	1270.1933228541302		14	cacbe1fc-e287-490e-a514-9ec09269c405
picoeuk	3626.6390203264336				3910.7694412713904		1	cacbe1fc-e287-490e-a514-9ec09269c405
picoeuk	3626.6390203264336				3910.7694412713904		2	cacbe1fc-e287-490e-a514-9ec09269c405
picoeuk	12.190396374564004				3877.7773974016163		3	cacbe1fc-e287-490e-a514-9ec09269c405
picoeuk	2.223238169134457				1125.6781584931239		4	cacbe1fc-e287-490e-a514-9ec09269c405
picoeuk	2.3821287804057376				44.920193212359464		5	cacbe1fc-e287-490e-a514-9ec09269c405
picoeuk	29.033525873562336				8.44923299312909		6	cacbe1fc-e287-490e-a514-9ec09269c405
picoeuk	3925.2683017528357				76.45155182358067		7	cacbe1fc-e287-490e-a514-9ec09269c405
synecho	29.32423437168793			683.7888105186556			1	cacbe1fc-e287-490e-a514-9ec09269c405
synecho	7.02561337823544			316.49520969722334			2	cacbe1fc-e287-490e-a514-9ec09269c405
synecho	3.0987504730457776			67.22093039334077			3	cacbe1fc-e287-490e-a514-9ec09269c405
synecho	3.0629404570709884			29.547478542232167			4	cacbe1fc-e287-490e-a514-9ec09269c405
synecho	3.402565529355229			15.625510170899966			5	cacbe1fc-e287-490e-a514-9ec09269c405
synecho	7.117393749817755			6.6828004340797245			6	cacbe1fc-e287-490e-a514-9ec09269c405
synecho	10.286188013477238			5.821623990715682			7	cacbe1fc-e287-490e-a514-9ec09269c405
synecho	15.88455543217742			6.048877084067192			8	cacbe1fc-e287-490e-a514-9ec09269c405
synecho	33.06625250636711			6.954267321241455			9	cacbe1fc-e287-490e-a514-9ec09269c405
synecho	51.47467303309194			11.49462998064883			10	cacbe1fc-e287-490e-a514-9ec09269c405
synecho	92.96577352307307			35.61940191232925			11	cacbe1fc-e287-490e-a514-9ec09269c405
synecho	108.11573147012152			62.20163246694528			12	cacbe1fc-e287-490e-a514-9ec09269c405
synecho	104.60187577823571			143.99117566768217			13	cacbe1fc-e287-490e-a514-9ec09269c405
synecho	95.1168150973303			424.9899596185716			14	cacbe1fc-e287-490e-a514-9ec09269c405
synecho	55.817202749194614			785.0195677905435			15	cacbe1fc-e287-490e-a514-9ec09269c405
synecho	32.48096573017167			834.4233209542247			16	cacbe1fc-e287-490e-a514-9ec09269c405
beads				3518.748494366643	60.92530417997222		1	cfb0c62f-57fa-480a-b6cb-0c0cd42b6044
beads				1925.536762576415	29.759712417009556		2	cfb0c62f-57fa-480a-b6cb-0c0cd42b6044
beads				1061.2934443026145	24.553180514265897		3	cfb0c62f-57fa-480a-b6cb-0c0cd42b6044
beads				730.451510839405	31.441284129094058		4	cfb0c62f-57fa-480a-b6cb-0c0cd42b6044
beads				729.1407523490328	41.37942145015033		5	cfb0c62f-57fa-480a-b6cb-0c0cd42b6044
beads				834.0275382409488	56.99270103271968		6	cfb0c62f-57fa-480a-b6cb-0c0cd42b6044
beads				1260.579370784793	78.63562948147693		7	cfb0c62f-57fa-480a-b6cb-0c0cd42b6044
beads				2034.4081038857478	123.41696672305363		8	cfb0c62f-57fa-480a-b6cb-0c0cd42b6044
beads				2658.9193156942188	179.01845635573844		9	cfb0c62f-57fa-480a-b6cb-0c0cd42b6044
beads				2957.551814909437	226.0386086097143		10	cfb0c62f-57fa-480a-b6cb-0c0cd42b6044
beads				3254.0226955845346	264.88650508308604		11	cfb0c62f-57fa-480a-b6cb-0c0cd42b6044
beads				3763.3337530163412	260.5596727738817		12	cfb0c62f-57fa-480a-b6cb-0c0cd42b6044
croco				1537.0624497133656	2051.642753379407		1	cfb0c62f-57fa-480a-b6cb-0c0cd42b6044
croco				1468.8538204058652	1320.2084304358643		2	cfb0c62f-57fa-480a-b6cb-0c0cd42b6044
croco				881.0409265200199	589.2335435448828		3	cfb0c62f-57fa-480a-b6cb-0c0cd42b6044
croco				481.4241606860675	465.3164447190426		4	cfb0c62f-57fa-480a-b6cb-0c0cd42b6044
croco				251.74227374985878	367.34730734241924		5	cfb0c62f-57fa-480a-b6cb-0c0cd42b6044
croco				184.38312523746734	449.13902302715115		6	cfb0c62f-57fa-480a-b6cb-0c0cd42b6044
croco				183.74304388752924	962.6608803792564		7	cfb0c62f-57fa-480a-b6cb-0c0cd42b6044
croco				227.8706421249202	1414.8660543590852		8	cfb0c62f-57fa-480a-b6cb-0c0cd42b6044
croco				426.85267149580307	2467.7705296224303		9	cfb0c62f-57fa-480a-b6cb-0c0cd42b6044
croco				1032.4888599522183	2846.8076731732563		10	cfb0c62f-57fa-480a-b6cb-0c0cd42b6044
picoeuk	3713.445391730516				3858.769692724335		1	cfb0c62f-57fa-480a-b6cb-0c0cd42b6044
picoeuk	13.404207135669363				3857.2008219477307		2	cfb0c62f-57fa-480a-b6cb-0c0cd42b6044
picoeuk	2.790679666295965				1050.9502716956736		3	cfb0c62f-57fa-480a-b6cb-0c0cd42b6044
picoeuk	3.278619347475799				48.357804351051804		4	cfb0c62f-57fa-480a-b6cb-0c0cd42b6044
picoeuk	18.89481416136675				8.544830399700837		5	cfb0c62f-57fa-480a-b6cb-0c0cd42b6044
picoeuk	3758.006697021525				113.23355275820552		6	cfb0c62f-57fa-480a-b6cb-0c0cd42b6044
synecho	23.16452215130233			874.1352638201666			1	cfb0c62f-57fa-480a-b6cb-0c0cd42b6044
synecho	6.880240834989034			542.8160366077129			2	cfb0c62f-57fa-480a-b6cb-0c0cd42b6044
synecho	3.1108502214154226			177.4949872475387			3	cfb0c62f-57fa-480a-b6cb-0c0cd42b6044
synecho	2.175317894804153			60.08832301793954			4	cfb0c62f-57fa-480a-b6cb-0c0cd42b6044
synecho	2.100841532064715			25.78700012877038			5	cfb0c62f-57fa-480a-b6cb-0c0cd42b6044
synecho	3.0213946883951954			10.857396347957096			6	cfb0c62f-57fa-480a-b6cb-0c0cd42b6044
synecho	5.119113316228527			6.782732544488473			7	cfb0c62f-57fa-480a-b6cb-0c0cd42b6044
synecho	8.683252197411072			6.1727080420653655			8	cfb0c62f-57fa-480a-b6cb-0c0cd42b6044
synecho	19.165665879317473			6.105925008221448			9	cfb0c62f-57fa-480a-b6cb-0c0cd42b6044
synecho	35.27130542837597			8.357253609721019			10	cfb0c62f-57fa-480a-b6cb-0c0cd42b6044
synecho	77.74270007743463			21.802474003956878			11	cfb0c62f-57fa-480a-b6cb-0c0cd42b6044
synecho	139.4587088710975			58.78718628223598			12	cfb0c62f-57fa-480a-b6cb-0c0cd42b6044
synecho	166.56893155088815			107.8003710728213			13	cfb0c62f-57fa-480a-b6cb-0c0cd42b6044
synecho	166.8796784826391			227.08123230197828			14	cfb0c62f-57fa-480a-b6cb-0c0cd42b6044
synecho	129.90108765591137			400.505593990238			15	cfb0c62f-57fa-480a-b6cb-0c0cd42b6044
synecho	70.16095272942033			658.344592502615			16	cfb0c62f-57fa-480a-b6cb-0c0cd42b6044
synecho	45.345686622026854			762.4455642642469			17	cfb0c62f-57fa-480a-b6cb-0c0cd42b6044
beads				3280.373595191209	74.96915547010948		1	dadaeee6-1196-4a43-9d96-214291981df7
beads				1858.2892401590982	44.986002660346905		2	dadaeee6-1196-4a43-9d96-214291981df7
beads				1127.052286050626	37.63743169376102		3	dadaeee6-1196-4a43-9d96-214291981df7
beads				905.5535168216968	40.13099502250709		4	dadaeee6-1196-4a43-9d96-214291981df7
beads				824.5289819216601	57.33363717910393		5	dadaeee6-1196-4a43-9d96-214291981df7
beads				1041.3429097548933	82.28320222314272		6	dadaeee6-1196-4a43-9d96-214291981df7
beads				1412.6520894697614	106.33528230291118		7	dadaeee6-1196-4a43-9d96-214291981df7
beads				1861.5036718755464	132.07611628542912		8	dadaeee6-1196-4a43-9d96-214291981df7
beads				2390.359591660902	161.35201982870507		9	dadaeee6-1196-4a43-9d96-214291981df7
beads				2829.511739366112	189.78234373038586		10	dadaeee6-1196-4a43-9d96-214291981df7
beads				3611.162241438123	237.63228116139214		11	dadaeee6-1196-4a43-9d96-214291981df7
croco				1647.1677947495293	1633.9757511186208		1	dadaeee6-1196-4a43-9d96-214291981df7
croco				1247.2962454688993	947.6847285419752		2	dadaeee6-1196-4a43-9d96-214291981df7
croco				624.9960354640501	502.5886762784146		3	dadaeee6-1196-4a43-9d96-214291981df7
croco				415.39459444887336	435.2731786543559		4	dadaeee6-1196-4a43-9d96-214291981df7
croco				330.0839134944859	468.0211828786914		5	dadaeee6-1196-4a43-9d96-214291981df7
croco				314.22604803290307	924.2172603725827		6	dadaeee6-1196-4a43-9d96-214291981df7
croco				397.5184682303246	1729.998601724638		7	dadaeee6-1196-4a43-9d96-214291981df7
croco				642.1181384154764	2620.1353652473513		8	dadaeee6-1196-4a43-9d96-214291981df7
croco				1221.9136125689902	2919.983614384867		9	dadaeee6-1196-4a43-9d96-214291981df7
picoeuk	3735.9127968591215				3756.835254217743		1	dadaeee6-1196-4a43-9d96-214291981df7
picoeuk	3735.9127968591215				3756.835254217743		2	dadaeee6-1196-4a43-9d96-214291981df7
picoeuk	13.623564180801134				3962.3955590207047		3	dadaeee6-1196-4a43-9d96-214291981df7
picoeuk	2.088561137003809				1026.9048743329245		4	dadaeee6-1196-4a43-9d96-214291981df7
picoeuk	2.9031563173117307				70.12719887031989		5	dadaeee6-1196-4a43-9d96-214291981df7
picoeuk	18.85260114871506				8.093037107284724		6	dadaeee6-1196-4a43-9d96-214291981df7
picoeuk	4148.471070465473				145.7585785735536		7	dadaeee6-1196-4a43-9d96-214291981df7
synecho	76.28126786747012			992.822778223318			1	dadaeee6-1196-4a43-9d96-214291981df7
synecho	16.40036552738599			800.8188466471728			2	dadaeee6-1196-4a43-9d96-214291981df7
synecho	6.438971453842208			500.19540638339015			3	dadaeee6-1196-4a43-9d96-214291981df7
synecho	3.6382118641773835			255.14055680061853			4	dadaeee6-1196-4a43-9d96-214291981df7
synecho	2.6796532540200872			98.15159070821946			5	dadaeee6-1196-4a43-9d96-214291981df7
synecho	2.4088360664319617			50.303426843573575			6	dadaeee6-1196-4a43-9d96-214291981df7
synecho	2.562167648836312			27.583171590458875			7	dadaeee6-1196-4a43-9d96-214291981df7
synecho	3.3807277702808296			15.076227490821699			8	dadaeee6-1196-4a43-9d96-214291981df7
synecho	4.504855770090217			10.570584050643955			9	dadaeee6-1196-4a43-9d96-214291981df7
synecho	8.046874758527984			7.422545167628004			10	dadaeee6-1196-4a43-9d96-214291981df7
synecho	18.7690938731609			6.9089322179911195			11	dadaeee6-1196-4a43-9d96-214291981df7
synecho	48.41880411716403			8.745800182737394			12	dadaeee6-1196-4a43-9d96-214291981df7
synecho	95.40412312645906			14.038715506431055			13	dadaeee6-1196-4a43-9d96-214291981df7
synecho	162.96209173605345			26.708407834038706			14	dadaeee6-1196-4a43-9d96-214291981df7
synecho	215.20009798073525			39.00579434337705			15	dadaeee6-1196-4a43-9d96-214291981df7
synecho	301.71986182734713			74.12238120350995			16	dadaeee6-1196-4a43-9d96-214291981df7
synecho	329.2535882011608			128.58628193996665			17	dadaeee6-1196-4a43-9d96-214291981df7
synecho	302.2110453297547			386.42664337376544			18	dadaeee6-1196-4a43-9d96-214291981df7
synecho	230.68946080032876			769.4537617824586			19	dadaeee6-1196-4a43-9d96-214291981df7
synecho	146.47755541843512			896.8193266681444			20	dadaeee6-1196-4a43-9d96-214291981df7
beads				2678.0904302753224	49.680336522449586		1	e8c93965-21f0-4600-8146-2f2e48f4e196
beads				1940.1431920319437	35.66070754343359		2	e8c93965-21f0-4600-8146-2f2e48f4e196
beads				1208.787926962517	28.684394427421566		3	e8c93965-21f0-4600-8146-2f2e48f4e196
beads				800.6289023821972	28.623220256708876		4	e8c93965-21f0-4600-8146-2f2e48f4e196
beads				612.6026899106781	40.12827519992074		5	e8c93965-21f0-4600-8146-2f2e48f4e196
beads				656.4732212819238	60.28044609602503		6	e8c93965-21f0-4600-8146-2f2e48f4e196
beads				872.921578228455	81.65819588352952		7	e8c93965-21f0-4600-8146-2f2e48f4e196
beads				1311.6529259134488	101.68694523250844		8	e8c93965-21f0-4600-8146-2f2e48f4e196
beads				2157.754931199816	141.75533212466055		9	e8c93965-21f0-4600-8146-2f2e48f4e196
beads				2752.1538376380086	172.5031479360132		10	e8c93965-21f0-4600-8146-2f2e48f4e196
beads				3486.935997460034	219.79919244001303		11	e8c93965-21f0-4600-8146-2f2e48f4e196
beads				3736.0140854467545	214.05093197773124		12	e8c93965-21f0-4600-8146-2f2e48f4e196
beads				3812.49674443715	64.63236547323257		13	e8c93965-21f0-4600-8146-2f2e48f4e196
croco				1814.9724417924244	159.56307511614247		1	e8c93965-21f0-4600-8146-2f2e48f4e196
croco				1139.4565493625598	101.1233748587171		2	e8c93965-21f0-4600-8146-2f2e48f4e196
croco				674.9254568526812	55.168424527160084		3	e8c93965-21f0-4600-8146-2f2e48f4e196
croco				482.4648952172572	41.15985062375951		4	e8c93965-21f0-4600-8146-2f2e48f4e196
croco				325.7443491022817	36.263944806479074		5	e8c93965-21f0-4600-8146-2f2e48f4e196
croco				242.8983815209296	35.05562326121332		6	e8c93965-21f0-4600-8146-2f2e48f4e196
croco				220.38692249705278	35.84243931217441		7	e8c93965-21f0-4600-8146-2f2e48f4e196
croco				239.66867060310346	55.519139540190466		8	e8c93965-21f0-4600-8146-2f2e48f4e196
croco				289.5962682497697	94.87215839229114		9	e8c93965-21f0-4600-8146-2f2e48f4e196
croco				405.8889453003291	186.42943288609607		10	e8c93965-21f0-4600-8146-2f2e48f4e196
croco				581.452413004196	299.24546920422733		11	e8c93965-21f0-4600-8146-2f2e48f4e196
croco				867.2309730143639	437.17556954766775		12	e8c93965-21f0-4600-8146-2f2e48f4e196
croco				1643.5299708718862	438.3772319195819		13	e8c93965-21f0-4600-8146-2f2e48f4e196
croco				2156.146848841498	384.44389430714944		14	e8c93965-21f0-4600-8146-2f2e48f4e196
croco				2275.2796046742505	238.57633751198745		15	e8c93965-21f0-4600-8146-2f2e48f4e196
croco				2213.299224698701	165.76369488604382		16	e8c93965-21f0-4600-8146-2f2e48f4e196
picoeuk	3718.7344798523213				3559.0431765461767		1	e8c93965-21f0-4600-8146-2f2e48f4e196
picoeuk	14.58781874911125				3697.974095570074		2	e8c93965-21f0-4600-8146-2f2e48f4e196
picoeuk	1.8062115760943511				933.5343522175623		3	e8c93965-21f0-4600-8146-2f2e48f4e196
picoeuk	2.391997674860569				55.94559606411928		4	e8c93965-21f0-4600-8146-2f2e48f4e196
picoeuk	14.029774359839577				7.854189807456856		5	e8c93965-21f0-4600-8146-2f2e48f4e196
picoeuk	4037.515328640275				151.5202838620971		6	e8c93965-21f0-4600-8146-2f2e48f4e196
synecho	13.934535572026446			707.9576446097846			1	e8c93965-21f0-4600-8146-2f2e48f4e196
synecho	3.6964975603611006			277.7451385151157			2	e8c93965-21f0-4600-8146-2f2e48f4e196
synecho	2.3799501894270527			101.03705487993938			3	e8c93965-21f0-4600-8146-2f2e48f4e196
synecho	2.0904729923324314			49.490122105377864			4	e8c93965-21f0-4600-8146-2f2e48f4e196
synecho	1.7565922321228007			27.42007665036217			5	e8c93965-21f0-4600-8146-2f2e48f4e196
synecho	1.7638695982675658			18.8256598719082			6	e8c93965-21f0-4600-8146-2f2e48f4e196
synecho	2.421768280689459			10.684026332130722			7	e8c93965-21f0-4600-8146-2f2e48f4e196
synecho	3.7597919814708405			7.302290150923555			8	e8c93965-21f0-4600-8146-2f2e48f4e196
synecho	7.025375298595108			5.941809379087493			9	e8c93965-21f0-4600-8146-2f2e48f4e196
synecho	13.318629899398832			5.740713658511532			10	e8c93965-21f0-4600-8146-2f2e48f4e196
synecho	43.386965104876296			7.838236285782385			11	e8c93965-21f0-4600-8146-2f2e48f4e196
synecho	62.65690755268967			10.832772669785346			12	e8c93965-21f0-4600-8146-2f2e48f4e196
synecho	99.38058606781829			22.165275201597613			13	e8c93965-21f0-4600-8146-2f2e48f4e196
synecho	177.3879533107732			40.960595858872225			14	e8c93965-21f0-4600-8146-2f2e48f4e196
synecho	219.50889105194588			76.45673357276821			15	e8c93965-21f0-4600-8146-2f2e48f4e196
synecho	219.5684087797839			138.92475401349523			16	e8c93965-21f0-4600-8146-2f2e48f4e196
synecho	210.15528601206995			249.2185551965381			17	e8c93965-21f0-4600-8146-2f2e48f4e196
synecho	191.75407327518602			472.20971494961015			18	e8c93965-21f0-4600-8146-2f2e48f4e196
synecho	105.25614631762267			796.0837312020931			19	e8c93965-21f0-4600-8146-2f2e48f4e196
synecho	32.4556591826262			1043.4270425134355			20	e8c93965-21f0-4600-8146-2f2e48f4e196
synecho	16.981770432722424			909.2743103026539			21	e8c93965-21f0-4600-8146-2f2e48f4e196
beads				3177.3097961161857	77.48494328735698		1	f2c4878c-280e-4fb9-8c0e-2e3dd630c8bc
beads				1531.2040867044286	29.23988814864824		2	f2c4878c-280e-4fb9-8c0e-2e3dd630c8bc
beads				826.9074419574265	19.80747785098111		3	f2c4878c-280e-4fb9-8c0e-2e3dd630c8bc
beads				591.3684296301167	24.389811194818705		4	f2c4878c-280e-4fb9-8c0e-2e3dd630c8bc
beads				627.2658025958599	33.91858367563146		5	f2c4878c-280e-4fb9-8c0e-2e3dd630c8bc
beads				686.0402126909994	46.67085226161567		6	f2c4878c-280e-4fb9-8c0e-2e3dd630c8bc
beads				928.2032212065875	74.52334919963309		7	f2c4878c-280e-4fb9-8c0e-2e3dd630c8bc
beads				1502.0127648522869	112.18777171504227		8	f2c4878c-280e-4fb9-8c0e-2e3dd630c8bc
beads				2370.6760087070506	159.55766794135366		9	f2c4878c-280e-4fb9-8c0e-2e3dd630c8bc
beads				3111.143807222092	186.25262083880165		10	f2c4878c-280e-4fb9-8c0e-2e3dd630c8bc
beads				3799.985140461626	190.19439588531233		11	f2c4878c-280e-4fb9-8c0e-2e3dd630c8bc
beads				3886.9870127937315	107.05479926067184		12	f2c4878c-280e-4fb9-8c0e-2e3dd630c8bc
croco				1996.9088919018254	127.78352716207861		1	f2c4878c-280e-4fb9-8c0e-2e3dd630c8bc
croco				887.8985361025875	64.96834531042033		2	f2c4878c-280e-4fb9-8c0e-2e3dd630c8bc
croco				577.955616468434	41.157061071910256		3	f2c4878c-280e-4fb9-8c0e-2e3dd630c8bc
croco				386.4790277598494	33.34757944742104		4	f2c4878c-280e-4fb9-8c0e-2e3dd630c8bc
croco				286.24961382164787	32.35463000708464		5	f2c4878c-280e-4fb9-8c0e-2e3dd630c8bc
croco				266.90307497425925	48.03311628194474		6	f2c4878c-280e-4fb9-8c0e-2e3dd630c8bc
croco				342.39397619585685	80.10144019132666		7	f2c4878c-280e-4fb9-8c0e-2e3dd630c8bc
croco				482.56300368475047	142.714518606398		8	f2c4878c-280e-4fb9-8c0e-2e3dd630c8bc
croco				703.6523659936499	226.644558277053		9	f2c4878c-280e-4fb9-8c0e-2e3dd630c8bc
croco				1159.3207752250476	345.1456096466926		10	f2c4878c-280e-4fb9-8c0e-2e3dd630c8bc
croco				2535.030139784145	439.74608980197263		11	f2c4878c-280e-4fb9-8c0e-2e3dd630c8bc
croco				3761.80368389643	427.89755073282305		12	f2c4878c-280e-4fb9-8c0e-2e3dd630c8bc
croco				3970.59495743297	261.30243555093745		13	f2c4878c-280e-4fb9-8c0e-2e3dd630c8bc
croco				3368.8093119798386	198.7605885141815		14	f2c4878c-280e-4fb9-8c0e-2e3dd630c8bc
picoeuk	3627.4994180475264				3783.4095863736416		1	f2c4878c-280e-4fb9-8c0e-2e3dd630c8bc
picoeuk	12.394089052376696				3868.4585063993018		2	f2c4878c-280e-4fb9-8c0e-2e3dd630c8bc
picoeuk	2.2237656186665				1116.6735441702056		3	f2c4878c-280e-4fb9-8c0e-2e3dd630c8bc
picoeuk	2.7245206423526054				57.87396768607823		4	f2c4878c-280e-4fb9-8c0e-2e3dd630c8bc
picoeuk	10.083594495129962				7.5537345694458145		5	f2c4878c-280e-4fb9-8c0e-2e3dd630c8bc
picoeuk	3680.371515551672				194.69933298297005		6	f2c4878c-280e-4fb9-8c0e-2e3dd630c8bc
synecho	85.0098554248038			675.2228563276391			1	f2c4878c-280e-4fb9-8c0e-2e3dd630c8bc
synecho	19.129977460445204			810.401201002804			2	f2c4878c-280e-4fb9-8c0e-2e3dd630c8bc
synecho	6.233289192437586			629.7577799549869			3	f2c4878c-280e-4fb9-8c0e-2e3dd630c8bc
synecho	2.667151010477199			345.4943353024494			4	f2c4878c-280e-4fb9-8c0e-2e3dd630c8bc
synecho	1.6311685003924536			94.98410734120266			5	f2c4878c-280e-4fb9-8c0e-2e3dd630c8bc
synecho	1.4035007599160563			37.02615001652219			6	f2c4878c-280e-4fb9-8c0e-2e3dd630c8bc
synecho	2.103976370498341			12.807314262620013			7	f2c4878c-280e-4fb9-8c0e-2e3dd630c8bc
synecho	4.200674142737571			6.33353545954121			8	f2c4878c-280e-4fb9-8c0e-2e3dd630c8bc
synecho	14.13763639673608			6.92275968234236			9	f2c4878c-280e-4fb9-8c0e-2e3dd630c8bc
synecho	36.15963767476759			7.205927416707094			10	f2c4878c-280e-4fb9-8c0e-2e3dd630c8bc
synecho	81.7855876984754			10.393689591683753			11	f2c4878c-280e-4fb9-8c0e-2e3dd630c8bc
synecho	136.56380197561342			18.854390113228174			12	f2c4878c-280e-4fb9-8c0e-2e3dd630c8bc
synecho	279.33279315484225			40.4488452871567			13	f2c4878c-280e-4fb9-8c0e-2e3dd630c8bc
synecho	452.7504694034285			64.97010674123929			14	f2c4878c-280e-4fb9-8c0e-2e3dd630c8bc
synecho	530.8857027693804			110.20125354727212			15	f2c4878c-280e-4fb9-8c0e-2e3dd630c8bc
synecho	453.5028905347815			203.39948451131545			16	f2c4878c-280e-4fb9-8c0e-2e3dd630c8bc
synecho	270.6666741853288			334.9912191040097			17	f2c4878c-280e-4fb9-8c0e-2e3dd630c8bc
synecho	140.73103785786216			490.759309923162			18	f2c4878c-280e-4fb9-8c0e-2e3dd630c8bc
